,,,Standard,Standard,Standard,Standard,Standard,Performance,Performance,Performance,,,,,,,Playing Time,Playing Time,Playing Time,Playing Time,Playing Time,Playing Time,,-additional
Rk,Player,Gls/90,G/Sh,G/SoT,SoT%,SoT/90,Sh/90,G-PK/90,PK/90,PKatt/90,Dist,Season,Age,Nation,Team,Comp,MP,Min,90s,Starts,Subs,unSub,Pos,-9999
1,Gabriel Barbosa,0.9,0.18,0.35,50.9,2.0,4.0,0.7,0.2,0.2,16.1,2019,22,br BRA,Flamengo,br Série A,29,2537,28.2,29,0,1,FW,72d0e1b6
2,Pedro,0.8,0.21,0.46,46.2,1.8,4.0,0.8,0.0,0.1,10.5,2022,24,br BRA,Flamengo,br Série A,24,1174,13.0,12,12,4,FW,1ab6fad3
3,Thiago Galhardo,0.8,0.17,0.39,43.8,1.4,3.1,0.5,0.3,0.3,15.5,2020,30,br BRA,Internacional,br Série A,29,1859,20.7,20,9,0,FW,766f48dd
4,Germán Cano,0.8,0.20,0.41,48.5,1.8,3.8,0.8,0.0,0.0,16.6,2022,33,ar ARG,Fluminense,br Série A,38,3081,34.2,37,1,0,FW,9ccf4e14
5,Bruno Henrique,0.7,0.22,0.47,46.4,1.6,3.4,0.7,0.0,0.0,14.6,2019,28,br BRA,Flamengo,br Série A,33,2570,28.6,29,4,0,FWMF,5edff24f
6,Pedro,0.7,0.20,0.41,50.0,1.8,3.6,0.7,0.0,0.1,14.1,2020,22,br BRA,Flamengo,br Série A,34,1591,17.7,15,19,2,FW,1ab6fad3
7,Gabriel Barbosa,0.7,0.15,0.31,47.5,1.8,3.7,0.5,0.2,0.2,16.7,2021,24,br BRA,Flamengo,br Série A,18,1482,16.5,18,0,0,FW,72d0e1b6
8,Gabriel Barbosa,0.7,0.11,0.27,42.9,1.5,3.6,0.4,0.3,0.3,16.4,2020,23,br BRA,Flamengo,br Série A,25,1758,19.5,22,3,0,FW,72d0e1b6
9,Marinho,0.7,0.13,0.34,36.4,1.3,3.7,0.5,0.3,0.3,23.5,2020,29,br BRA,Santos,br Série A,27,2143,23.8,24,3,0,FWMF,c077c735
10,Yuri Alberto,0.7,0.20,0.43,46.0,1.6,3.5,0.7,0.0,0.0,13.9,2020,18,br BRA,Internacional,br Série A,23,1299,14.4,14,9,2,FWMF,65159211
11,Matheus Peixoto,0.7,0.23,0.83,27.3,0.6,2.1,0.5,0.2,0.2,20.2,2021,25,br BRA,Juventude,br Série A,12,948,10.5,11,1,1,FW,05160796
12,Luciano,0.6,0.26,0.55,47.7,1.1,2.3,0.6,0.0,0.1,15.9,2020,26,br BRA,2 Teams,br Série A,32,2500,27.8,29,3,0,FW,24ce161c
13,Giorgian De Arrascaeta,0.6,0.26,0.67,39.1,0.9,2.3,0.6,0.0,0.0,15.9,2019,24,uy URU,Flamengo,br Série A,23,1814,20.2,22,1,2,MFFW,be8d02dd
14,Endrick,0.6,0.22,0.44,51.0,1.4,2.8,0.6,0.0,0.1,17.4,2023,16,br BRA,Palmeiras,br Série A,31,1558,17.3,18,13,6,FW,a2728fbf
15,Vitor Roque,0.6,0.24,0.52,45.1,1.2,2.7,0.6,0.0,0.0,14.0,2023,17,br BRA,Ath Paranaense,br Série A,25,1714,19.0,19,6,0,FW,cb00f1e6
16,Tiquinho Soares,0.6,0.16,0.50,31.6,0.9,2.8,0.4,0.2,0.3,17.5,2023,32,br BRA,Botafogo (RJ),br Série A,33,2436,27.1,30,3,0,FW,4d982baf
17,Pedro Raul,0.6,0.18,0.41,43.8,1.3,2.9,0.5,0.1,0.1,14.1,2022,25,br BRA,Goiás,br Série A,34,2745,30.5,33,1,0,FW,ed074559
18,Yuri Alberto,0.6,0.15,0.36,41.8,1.4,3.2,0.5,0.1,0.1,16.5,2024,22,br BRA,Corinthians,br Série A,29,2197,24.4,25,4,0,FW,65159211
19,Ángel Romero,0.6,0.33,0.73,45.8,0.8,1.8,0.6,0.0,0.0,15.1,2023,30,py PAR,Corinthians,br Série A,22,1196,13.3,13,9,10,FW,36edfb9b
20,Paulinho,0.6,0.22,0.43,52.2,1.4,2.7,0.6,0.0,0.0,13.3,2023,22,br BRA,Atlético Mineiro,br Série A,36,2991,33.2,35,1,0,FWMF,53070b63
21,Jonathan Calleri,0.6,0.16,0.35,45.5,1.3,2.9,0.5,0.1,0.1,11.4,2023,29,ar ARG,São Paulo,br Série A,19,1350,15.0,15,4,1,FW,6922f806
22,Luciano Rodríguez,0.6,0.14,0.31,43.2,1.6,3.7,0.5,0.1,0.1,17.2,2024,20,uy URU,Bahia,br Série A,19,900,10.0,8,11,0,FWMF,8ccc9220
23,Pedro,0.6,0.17,0.32,52.4,1.2,2.3,0.4,0.2,0.3,15.8,2024,26,br BRA,Flamengo,br Série A,21,1653,18.4,19,2,0,FW,1ab6fad3
24,Hugo Rodallega,0.6,0.19,0.40,48.4,1.5,3.1,0.6,0.0,0.0,19.5,2021,35,co COL,Bahia,br Série A,22,909,10.1,7,15,0,FW,9683d0b2
25,Diego Souza,0.6,0.22,0.52,42.0,1.0,2.3,0.5,0.1,0.1,16.7,2020,34,br BRA,Grêmio,br Série A,25,1986,22.1,25,0,3,FW,273a2635
26,Hulk,0.6,0.12,0.33,37.7,1.2,3.3,0.4,0.2,0.2,22.8,2021,34,br BRA,Atlético Mineiro,br Série A,35,2921,32.5,33,2,0,FW,33a1f72e
27,Luiz Adriano,0.6,0.32,0.57,56.0,0.8,1.5,0.5,0.1,0.2,13.0,2020,32,br BRA,Palmeiras,br Série A,24,1538,17.1,19,5,0,FW,2557c196
28,Élton Rodrigues Brandão,0.6,0.14,0.43,33.3,0.9,2.7,0.4,0.2,0.2,17.0,2021,35,br BRA,Cuiabá,br Série A,31,1387,15.4,13,18,3,FW,e59be3c8
29,Alerrandro,0.6,0.15,0.33,43.9,1.7,4.0,0.6,0.0,0.0,14.6,2022,22,br BRA,Red Bull Bragantino,br Série A,20,929,10.3,11,9,3,FW,3415a44d
30,Jonathan Calleri,0.6,0.17,0.45,38.8,1.2,3.1,0.5,0.0,0.1,13.0,2022,28,ar ARG,São Paulo,br Série A,36,2818,31.3,30,6,0,FW,6922f806
31,Michael,0.6,0.20,0.50,39.4,1.1,2.9,0.6,0.0,0.0,17.6,2021,24,br BRA,Flamengo,br Série A,35,2195,24.4,23,12,0,FWMF,f523d00b
32,Helinho,0.6,0.18,0.47,37.5,1.2,3.3,0.6,0.0,0.0,27.4,2024,23,br BRA,Red Bull Bragantino,br Série A,17,1102,12.2,14,3,1,FWMF,5837cb60
33,Claudinho,0.6,0.14,0.41,34.0,1.1,3.2,0.4,0.1,0.2,24.6,2020,23,br BRA,Red Bull Bragantino,br Série A,35,2838,31.5,33,2,1,MFFW,8d46713e
34,Thiago Borbas,0.6,0.16,0.35,47.3,1.6,3.5,0.6,0.0,0.0,13.7,2023,20,uy URU,Red Bull Bragantino,br Série A,33,1428,15.9,10,23,2,FW,04f9c45f
35,Alerrandro,0.6,0.17,0.39,44.4,1.1,2.4,0.4,0.2,0.2,18.4,2024,24,br BRA,Vitória,br Série A,34,2387,26.5,32,2,1,FW,3415a44d
36,Enner Valencia,0.6,0.15,0.33,46.2,1.5,3.2,0.5,0.1,0.1,15.0,2023,33,ec ECU,Internacional,br Série A,22,1442,16.0,18,4,1,FW,fb485406
37,Estêvão Willian,0.6,0.12,0.29,42.7,1.5,3.5,0.4,0.1,0.1,19.9,2024,17,br BRA,Palmeiras,br Série A,31,2097,23.3,26,5,0,FW,2eda11b1
38,Gonzalo Mastriani,0.6,0.19,0.43,42.6,1.2,2.7,0.5,0.1,0.1,14.2,2023,29,uy URU,América (MG),br Série A,24,1793,19.9,22,2,9,FW,b4339e2b
39,Pedro,0.5,0.15,0.36,42.4,1.0,2.5,0.4,0.2,0.2,16.3,2023,25,br BRA,Flamengo,br Série A,34,2151,23.9,26,8,1,FW,1ab6fad3
40,Gilberto,0.5,0.11,0.32,33.8,1.0,2.9,0.3,0.2,0.2,17.6,2019,29,br BRA,Bahia,br Série A,32,2336,26.0,27,5,1,FW,5da22685
41,Moises,0.5,0.22,0.54,40.6,1.0,2.5,0.5,0.0,0.0,17.4,2024,27,br BRA,Fortaleza,br Série A,26,1171,13.0,13,13,3,FWMF,ddd07a25
42,Fernandão,0.5,0.20,0.50,39.1,1.0,2.5,0.5,0.1,0.1,14.4,2020,32,br BRA,2 Teams,br Série A,25,1679,18.7,21,4,2,FW,7fcdacec
43,Luis Suárez,0.5,0.13,0.30,42.9,1.7,3.9,0.5,0.0,0.1,17.5,2023,36,uy URU,Grêmio,br Série A,33,2877,32.0,33,0,0,FW,a6154613
44,Gilberto,0.5,0.15,0.43,35.9,1.0,2.8,0.4,0.1,0.1,16.5,2021,31,br BRA,Bahia,br Série A,36,2551,28.3,29,7,0,FW,5da22685
45,Bruno Henrique,0.5,0.20,0.37,54.5,1.4,2.6,0.5,0.0,0.0,16.8,2021,30,br BRA,Flamengo,br Série A,24,1900,21.1,21,3,0,FWMF,5edff24f
46,Brenner,0.5,0.16,0.41,40.3,1.3,3.2,0.5,0.0,0.0,14.1,2020,20,br BRA,São Paulo,br Série A,27,1908,21.2,21,6,0,FW,279508bf
47,Hulk,0.5,0.11,0.42,26.7,1.0,3.9,0.4,0.1,0.1,23.7,2022,35,br BRA,Atlético Mineiro,br Série A,25,2088,23.2,24,1,0,FW,33a1f72e
48,Guilherme Bissoli,0.5,0.10,0.31,32.0,0.6,1.8,0.2,0.3,0.3,19.4,2022,24,br BRA,Avaí,br Série A,32,2443,27.1,29,3,0,FW,c9024e62
49,Diego Souza,0.5,0.21,0.42,50.0,1.2,2.4,0.5,0.0,0.1,15.8,2021,35,br BRA,Grêmio,br Série A,31,1764,19.6,24,7,2,FW,273a2635
50,Rafael Moura,0.5,0.15,0.58,26.1,0.7,2.6,0.4,0.1,0.1,15.0,2019,35,br BRA,Goiás,br Série A,23,1597,17.7,19,4,2,FW,66a75186
51,Pablo Vegetti,0.5,0.10,0.28,37.2,1.5,3.9,0.4,0.1,0.1,12.2,2023,34,ar ARG,Vasco da Gama,br Série A,21,1792,19.9,20,1,0,FW,06cc28cd
52,Biel,0.5,0.18,0.50,35.7,1.0,2.8,0.5,0.0,0.0,16.7,2024,22,br BRA,Bahia,br Série A,26,904,10.0,4,22,0,FWMF,1cb046cd
53,Yuri Alberto,0.5,0.16,0.40,40.8,1.2,3.0,0.5,0.0,0.0,16.3,2022,20,br BRA,Corinthians,br Série A,20,1453,16.1,15,5,0,FW,65159211
54,Martin Braithwaite,0.5,0.21,0.53,38.5,0.9,2.4,0.5,0.0,0.0,12.5,2024,32,dk DEN,Grêmio,br Série A,18,1462,16.2,18,0,0,FW,fd771f95
55,Luciano,0.5,0.14,0.33,42.2,1.2,2.8,0.4,0.1,0.1,17.8,2022,28,br BRA,São Paulo,br Série A,31,2037,22.6,25,6,3,FW,24ce161c
56,Alerrandro,0.5,0.22,0.50,43.5,1.0,2.2,0.5,0.0,0.1,17.5,2020,20,br BRA,Red Bull Bragantino,br Série A,16,926,10.3,11,5,1,FW,3415a44d
57,Gabriel Barbosa,0.5,0.14,0.43,31.9,1.0,3.2,0.4,0.0,0.1,16.2,2022,25,br BRA,Flamengo,br Série A,29,2047,22.7,22,7,0,FW,72d0e1b6
58,Wellington Paulista,0.5,0.14,0.35,39.7,0.9,2.1,0.3,0.2,0.2,15.4,2019,34,br BRA,Fortaleza,br Série A,31,2433,27.0,28,3,1,FW,f2eece5b
59,Arthur,0.5,0.12,0.38,30.2,1.0,3.4,0.4,0.1,0.1,16.0,2019,26,br BRA,Bahia,br Série A,29,1124,12.5,9,20,4,MFFW,4a870f60
60,Hulk,0.5,0.08,0.30,27.8,1.0,3.4,0.3,0.2,0.2,26.8,2024,37,br BRA,Atlético Mineiro,br Série A,24,1892,21.0,22,2,0,FWMF,33a1f72e
61,Rick,0.5,0.21,0.55,39.3,0.9,2.2,0.5,0.0,0.0,16.9,2021,21,br BRA,Ceará,br Série A,28,1146,12.7,11,17,6,FW,ba6d9ff6
62,Ytalo,0.5,0.21,0.52,41.1,0.9,2.2,0.5,0.0,0.0,16.6,2021,33,br BRA,Red Bull Bragantino,br Série A,30,2300,25.6,27,3,1,FW,423e3d0b
63,Thiago Galhardo,0.5,0.18,0.37,50.0,1.3,2.5,0.5,0.0,0.1,16.7,2022,32,br BRA,Fortaleza,br Série A,19,1346,15.0,15,4,0,FWMF,766f48dd
64,Roger Guedes,0.5,0.11,0.31,35.6,1.1,3.0,0.3,0.1,0.1,17.8,2023,26,br BRA,Corinthians,br Série A,15,1349,15.0,15,0,0,FWMF,612a9dd7
65,Mauro Boselli,0.5,0.22,0.40,55.6,1.0,1.8,0.4,0.1,0.1,12.9,2019,33,ar ARG,Corinthians,br Série A,22,1354,15.0,16,6,12,FW,284e865d
66,Robson,0.5,0.14,0.36,40.0,0.5,1.3,0.2,0.3,0.3,19.6,2023,31,br BRA,Coritiba,br Série A,32,2351,26.1,30,2,1,MFFW,e29eff7a
67,Hulk,0.5,0.09,0.23,36.8,1.3,3.6,0.3,0.2,0.2,25.1,2023,36,br BRA,Atlético Mineiro,br Série A,34,2942,32.7,33,1,0,FW,33a1f72e
68,Ademir Santos,0.5,0.10,0.31,33.3,0.9,2.7,0.3,0.2,0.2,21.7,2021,25,br BRA,América (MG),br Série A,31,2567,28.5,29,2,0,FWMF,4b7d58c2
69,Óscar Ruiz,0.5,0.26,0.83,31.6,0.5,1.7,0.5,0.0,0.0,14.4,2022,30,py PAR,Juventude,br Série A,24,990,11.0,11,13,9,MFFW,620ce7b1
70,Rony,0.5,0.14,0.46,31.3,1.0,3.1,0.5,0.0,0.0,13.5,2022,26,br BRA,Palmeiras,br Série A,33,2387,26.5,29,4,0,FW,bffd5e50
71,Nicolas,0.5,0.19,0.56,33.3,0.8,2.4,0.5,0.0,0.0,15.0,2022,32,br BRA,Goiás,br Série A,29,995,11.1,6,23,2,FWMF,0e74a520
72,Marcos Leonardo,0.5,0.12,0.33,35.5,0.9,2.6,0.3,0.1,0.1,16.2,2023,19,br BRA,Santos,br Série A,31,2589,28.8,30,1,0,FW,3f47ebce
73,Pablo,0.5,0.16,0.47,34.9,1.0,2.8,0.5,0.0,0.0,16.5,2023,30,br BRA,Ath Paranaense,br Série A,25,1396,15.5,14,11,0,FW,1ad394c5
74,Vinícius,0.5,0.11,0.28,39.5,1.1,2.8,0.3,0.1,0.2,22.2,2020,28,br BRA,Ceará,br Série A,31,2593,28.8,30,1,0,MFFW,ee01c84d
75,Renato Kayser,0.5,0.14,0.50,27.0,0.8,2.8,0.4,0.1,0.1,14.3,2024,27,br BRA,2 Teams,br Série A,29,1197,13.3,13,16,7,FW,c7495dda
76,Paolo Guerrero,0.4,0.13,0.31,40.0,1.4,3.6,0.4,0.0,0.0,15.9,2019,35,pe PER,Internacional,br Série A,24,2010,22.3,23,1,1,FW,ae6657a1
77,Pedro,0.4,0.17,0.30,54.8,1.5,2.7,0.4,0.0,0.0,16.3,2021,23,br BRA,Flamengo,br Série A,24,1414,15.7,15,9,1,FW,1ab6fad3
78,Everton,0.4,0.16,0.43,36.8,1.0,2.8,0.4,0.0,0.0,22.5,2023,25,br BRA,Grêmio,br Série A,28,1212,13.5,9,19,2,FWMF,3b66e70c
79,Eduardo Sasha,0.4,0.13,0.35,37.1,0.9,2.5,0.3,0.1,0.1,16.2,2023,30,br BRA,Red Bull Bragantino,br Série A,33,2229,24.8,31,2,0,FWMF,b938b871
80,Gustavo,0.4,0.09,0.31,28.9,1.1,4.0,0.4,0.1,0.1,13.3,2019,24,br BRA,Corinthians,br Série A,25,1018,11.3,9,16,7,FW,456b909c
81,Germán Cano,0.4,0.18,0.36,50.7,1.1,2.2,0.4,0.0,0.1,14.6,2020,31,ar ARG,Vasco da Gama,br Série A,34,2860,31.8,33,1,1,FW,9ccf4e14
82,Jefferson Savarino,0.4,0.16,0.56,29.0,0.8,2.7,0.4,0.0,0.0,18.2,2021,24,ve VEN,Atlético Mineiro,br Série A,18,1024,11.4,11,7,1,FW,91721722
83,Tiquinho Soares,0.4,0.11,0.26,40.4,1.4,3.4,0.4,0.1,0.1,17.8,2022,31,br BRA,Botafogo (RJ),br Série A,14,1236,13.7,14,0,0,FW,4d982baf
84,Léo Gamalho,0.4,0.17,0.40,42.9,0.8,1.9,0.3,0.1,0.1,12.7,2022,36,br BRA,Coritiba,br Série A,28,1658,18.4,17,11,2,FW,f73056ee
85,Everton Soares,0.4,0.12,0.32,37.8,1.2,3.2,0.4,0.0,0.0,19.9,2019,22,br BRA,Grêmio,br Série A,30,2283,25.4,23,7,0,FWMF,b1cbc666
86,Rodriguinho Marinho,0.4,0.13,0.29,44.7,1.1,2.4,0.3,0.1,0.2,21.1,2020,31,br BRA,Bahia,br Série A,24,1453,16.1,18,6,2,MFFW,0e335a47
87,Rafael Borré,0.4,0.16,0.36,43.9,1.2,2.7,0.4,0.0,0.0,11.1,2024,28,co COL,Internacional,br Série A,23,1870,20.8,23,0,0,FW,c68da769
88,Artur,0.4,0.13,0.36,36.8,1.0,2.7,0.4,0.1,0.1,20.1,2021,22,br BRA,Red Bull Bragantino,br Série A,30,2494,27.7,28,2,2,FWMF,105132cd
89,Marcelo Cirino,0.4,0.17,0.53,31.3,0.7,2.3,0.4,0.0,0.1,15.6,2019,27,br BRA,Ath Paranaense,br Série A,30,1877,20.9,19,11,0,FWMF,6ba81b35
90,Marrony,0.4,0.10,0.24,42.5,1.5,3.4,0.3,0.1,0.1,14.9,2020,20,br BRA,Atlético Mineiro,br Série A,32,1044,11.6,9,23,6,FWMF,1dff86ec
91,Luciano,0.4,0.13,0.38,34.7,1.0,2.9,0.4,0.0,0.1,18.9,2024,30,br BRA,São Paulo,br Série A,31,2302,25.6,27,4,1,MFFW,24ce161c
92,Miguel Borja,0.4,0.07,0.25,26.1,1.0,3.9,0.3,0.2,0.3,16.3,2021,28,co COL,Grêmio,br Série A,18,1049,11.7,11,7,0,FW,211dc5fd
93,Deyverson,0.4,0.11,0.25,45.7,1.1,2.5,0.3,0.1,0.2,15.8,2022,30,br BRA,Cuiabá,br Série A,16,1269,14.1,15,1,0,FW,2e5e846d
94,Eduardo Sasha,0.4,0.18,0.39,46.8,1.1,2.3,0.4,0.0,0.0,13.5,2019,26,br BRA,Santos,br Série A,37,2963,32.9,34,3,0,FW,b938b871
95,Erison,0.4,0.13,0.30,41.7,1.2,2.9,0.4,0.1,0.1,15.8,2022,22,br BRA,Botafogo (RJ),br Série A,20,1483,16.5,17,3,0,FW,a9c450cb
96,Pepê,0.4,0.16,0.47,33.3,0.8,2.4,0.4,0.1,0.1,18.9,2019,21,br BRA,Grêmio,br Série A,32,1696,18.8,14,18,6,FWMF,fc4e7637
97,José López,0.4,0.13,0.33,39.5,1.3,3.2,0.4,0.0,0.0,15.2,2024,23,ar ARG,Palmeiras,br Série A,35,2140,23.8,24,11,1,FW,e1426a52
98,Robson,0.4,0.14,0.40,35.2,1.0,3.0,0.4,0.0,0.0,17.2,2021,29,br BRA,Fortaleza,br Série A,34,2164,24.0,27,7,0,FW,e29eff7a
99,Marinho,0.4,0.11,0.31,35.6,1.3,3.8,0.4,0.0,0.0,19.7,2019,28,br BRA,2 Teams,br Série A,29,1740,19.3,18,11,4,FWMF,c077c735
100,Wellington Paulista,0.4,0.16,0.47,34.9,0.7,2.0,0.3,0.1,0.1,15.4,2020,35,br BRA,Fortaleza,br Série A,35,1959,21.8,22,13,2,FW,f2eece5b
101,Fernandão,0.4,0.07,0.27,25.6,0.9,3.5,0.2,0.2,0.2,14.7,2019,31,br BRA,Bahia,br Série A,32,1095,12.2,11,21,5,FW,7fcdacec
102,André Silva,0.4,0.20,0.54,37.1,0.8,2.1,0.4,0.0,0.0,15.7,2024,26,br BRA,São Paulo,br Série A,30,1535,17.1,17,13,7,FW,dde93e2c
103,Marcos Leonardo,0.4,0.13,0.38,33.3,0.9,2.7,0.3,0.1,0.1,16.8,2022,18,br BRA,Santos,br Série A,35,2882,32.0,34,1,0,FW,3f47ebce
104,Renato Kayser,0.4,0.18,0.39,45.2,1.0,2.3,0.4,0.0,0.0,15.2,2020,23,br BRA,2 Teams,br Série A,32,2439,27.1,29,3,0,FW,c7495dda
105,Matheus Babi,0.4,0.19,0.47,40.4,0.8,1.9,0.4,0.0,0.0,15.5,2020,22,br BRA,Botafogo (RJ),br Série A,34,2219,24.7,21,13,1,FWMF,f48cff2c
106,Thiago Galhardo,0.4,0.12,0.31,38.2,1.0,2.6,0.3,0.1,0.1,14.9,2019,29,br BRA,Ceará,br Série A,34,2664,29.6,31,3,0,FWMF,766f48dd
107,Alan Patrick,0.4,0.11,0.25,42.1,0.8,1.9,0.2,0.2,0.3,22.1,2024,32,br BRA,Internacional,br Série A,23,1777,19.7,20,3,1,MFFW,00672021
108,Renato Kayser,0.4,0.17,0.50,33.3,0.8,2.4,0.4,0.0,0.0,14.8,2021,24,br BRA,Ath Paranaense,br Série A,28,1333,14.8,14,14,2,FW,c7495dda
109,Yuri Alberto,0.4,0.13,0.28,47.8,1.4,3.0,0.4,0.0,0.0,15.2,2021,19,br BRA,Internacional,br Série A,33,2687,29.9,31,2,1,FW,65159211
110,Lucas Moura,0.4,0.20,0.44,43.9,0.7,1.6,0.3,0.1,0.1,17.3,2024,31,br BRA,São Paulo,br Série A,28,2246,25.0,26,2,0,FWMF,2b622f01
111,Ricardo Bueno,0.4,0.14,0.38,38.1,0.9,2.4,0.3,0.1,0.1,17.8,2021,33,br BRA,Juventude,br Série A,19,1573,17.5,19,0,1,FW,768cbb2d
112,Gonzalo Mastriani,0.4,0.11,0.36,29.7,1.1,3.7,0.4,0.0,0.0,14.0,2024,30,uy URU,Ath Paranaense,br Série A,21,900,10.0,10,11,5,FW,b4339e2b
113,Eduardo Sasha,0.4,0.20,0.38,52.2,1.1,2.0,0.4,0.0,0.0,14.5,2020,27,br BRA,Atlético Mineiro,br Série A,34,2045,22.7,24,10,0,FW,b938b871
114,Léo Baptistão,0.4,0.13,0.42,31.6,0.9,3.0,0.4,0.0,0.0,15.9,2022,29,br BRA,Santos,br Série A,17,1137,12.6,16,1,0,FWMF,35f6db55
115,Pedro Henrique,0.4,0.09,0.25,36.4,1.1,3.1,0.3,0.1,0.1,17.1,2022,31,br BRA,Internacional,br Série A,32,1592,17.7,16,16,0,FWMF,460976a2
116,Eduardo Vargas,0.4,0.09,0.23,37.1,1.0,2.8,0.2,0.2,0.2,19.8,2022,32,cl CHI,Atlético Mineiro,br Série A,24,1141,12.7,13,11,4,FW,bd603c00
117,Everaldo Stum,0.4,0.09,0.29,30.6,1.0,3.4,0.3,0.1,0.1,18.8,2019,27,br BRA,Chapecoense,br Série A,33,2970,33.0,33,0,0,FW,0ac3d7d8
118,Wesley,0.4,0.14,0.35,39.2,1.1,2.8,0.4,0.0,0.0,18.4,2024,24,br BRA,Internacional,br Série A,33,2515,27.9,30,3,0,FWMF,434de3a3
119,John Kennedy,0.4,0.12,0.27,43.1,1.4,3.3,0.4,0.0,0.0,16.1,2023,20,br BRA,Fluminense,br Série A,26,1372,15.2,13,13,3,FWMF,132880e0
120,Juan Martín Lucero,0.4,0.12,0.29,40.4,0.9,2.3,0.3,0.1,0.1,16.2,2023,31,ar ARG,Fortaleza,br Série A,31,2069,23.0,23,8,1,FW,18a3f871
121,Raphael Veiga,0.4,0.10,0.23,44.1,1.2,2.7,0.3,0.1,0.1,23.2,2021,25,br BRA,Palmeiras,br Série A,31,2303,25.6,29,2,2,MFFW,6e5a3bc7
122,Mateus Gonçalves Martins,0.4,0.19,0.67,28.6,0.6,2.0,0.4,0.0,0.0,18.2,2019,24,br BRA,Ceará,br Série A,24,931,10.3,8,16,9,MFFW,20e9c1c7
123,Vitinho,0.4,0.10,0.31,32.0,1.2,3.9,0.4,0.0,0.0,21.2,2019,25,br BRA,Flamengo,br Série A,25,1164,12.9,12,13,4,FWMF,a9e68c94
124,Stiven Mendoza,0.4,0.11,0.33,33.3,1.0,3.1,0.3,0.0,0.1,16.4,2022,29,co COL,Ceará,br Série A,29,2331,25.9,28,1,0,FW,e68f2cb4
125,Clayson,0.4,0.13,0.67,19.4,0.3,1.7,0.2,0.2,0.2,21.4,2023,27,br BRA,Cuiabá,br Série A,23,1639,18.2,22,1,0,FWMF,85c1009d
126,Luciano,0.4,0.10,0.29,33.3,1.0,3.1,0.3,0.1,0.1,20.3,2023,29,br BRA,São Paulo,br Série A,34,2112,23.5,24,10,1,MFFW,24ce161c
127,Aloísio dos Santos Gonçalves,0.4,0.09,0.21,43.8,1.3,3.0,0.3,0.1,0.1,16.0,2022,33,cn CHN,América (MG),br Série A,22,949,10.5,10,12,4,FWMF,9851b2e0
128,Roger Guedes,0.4,0.11,0.29,39.6,1.1,2.8,0.3,0.1,0.1,19.8,2021,24,br BRA,Corinthians,br Série A,19,1679,18.7,19,0,0,FWMF,612a9dd7
129,Rafael Moura,0.4,0.12,0.50,24.6,0.6,2.4,0.3,0.1,0.1,15.7,2020,36,br BRA,Goiás,br Série A,31,2171,24.1,23,8,0,FW,66a75186
130,Pedrinho,0.4,0.12,0.29,42.4,1.3,3.1,0.4,0.0,0.0,20.1,2022,22,br BRA,América (MG),br Série A,19,968,10.8,9,10,0,FWMF,035341ba
131,Everaldo Stum,0.4,0.12,0.32,38.6,0.9,2.4,0.3,0.1,0.1,15.3,2023,31,br BRA,Bahia,br Série A,33,2178,24.2,25,8,1,FW,0ac3d7d8
132,Deyverson,0.4,0.14,0.31,43.9,0.9,2.0,0.3,0.1,0.1,13.2,2023,31,br BRA,Cuiabá,br Série A,36,2906,32.3,34,2,0,FW,2e5e846d
133,Mikael,0.4,0.09,0.27,32.9,1.2,3.6,0.3,0.0,0.0,18.4,2021,21,br BRA,Sport Recife,br Série A,33,1951,21.7,24,9,0,FW,33502726
134,Carlos Eduardo,0.4,0.18,0.37,47.5,1.0,2.1,0.4,0.0,0.0,16.3,2020,23,br BRA,Ath Paranaense,br Série A,30,1709,19.0,20,10,3,FWMF,27c23008
135,Kauã Elias,0.4,0.13,0.29,45.7,1.3,2.8,0.4,0.0,0.0,17.1,2024,17,br BRA,Fluminense,br Série A,30,1465,16.3,16,14,6,FW,a80b9f76
136,Cléber,0.4,0.11,0.27,40.5,1.4,3.4,0.4,0.0,0.0,13.6,2022,25,br BRA,Ceará,br Série A,21,979,10.9,12,9,5,FW,e539e239
137,Osvaldo,0.4,0.17,0.44,39.0,0.8,2.2,0.4,0.0,0.0,18.1,2019,31,br BRA,Fortaleza,br Série A,32,1715,19.1,22,10,2,FWMF,deb6b945
138,Ferreira,0.4,0.17,0.45,37.9,0.8,2.1,0.4,0.0,0.0,17.1,2024,26,br BRA,São Paulo,br Série A,26,1230,13.7,14,12,2,FWMF,1414e902
139,Edenílson,0.4,0.13,0.31,40.0,0.5,1.3,0.2,0.2,0.2,24.2,2021,31,br BRA,Internacional,br Série A,33,2711,30.1,30,3,0,MFFW,4e50f20e
140,Germán Cano,0.4,0.12,0.30,40.7,1.2,3.0,0.4,0.0,0.0,20.3,2023,34,ar ARG,Fluminense,br Série A,30,2465,27.4,28,2,0,FW,9ccf4e14
141,Kayke Rodrigues,0.4,0.08,0.36,22.4,0.7,3.0,0.2,0.1,0.1,21.0,2019,30,br BRA,Goiás,br Série A,19,1488,16.5,18,1,0,FW,c9241f21
142,Pablo Vegetti,0.4,0.12,0.36,32.7,1.0,3.0,0.4,0.0,0.1,13.0,2024,35,ar ARG,Vasco da Gama,br Série A,35,2986,33.2,34,1,0,FW,06cc28cd
143,Pedro Raul,0.4,0.07,0.20,36.8,1.3,3.5,0.3,0.1,0.1,15.8,2020,23,br BRA,Botafogo (RJ),br Série A,25,1742,19.4,19,6,0,FW,ed074559
144,Paulinho,0.4,0.19,0.41,47.2,0.8,1.6,0.3,0.0,0.0,15.6,2024,23,br BRA,Atlético Mineiro,br Série A,26,1991,22.1,22,4,0,FWMF,53070b63
145,Henrique Almeida,0.4,0.11,0.26,41.8,1.4,3.3,0.4,0.0,0.1,16.0,2022,30,br BRA,América (MG),br Série A,28,1497,16.6,21,7,7,FW,8aa2f2e3
146,Luciano,0.4,0.10,0.28,36.7,0.9,2.5,0.3,0.1,0.2,19.1,2019,25,br BRA,2 Teams,br Série A,25,1750,19.4,22,3,5,FWMF,24ce161c
147,Adrián Martínez,0.4,0.15,0.40,37.0,0.9,2.4,0.4,0.0,0.0,13.1,2022,29,ar ARG,Coritiba,br Série A,22,1000,11.1,10,12,4,FWMF,6c513f98
148,Yago Pikachu,0.4,0.16,0.44,36.4,0.8,2.3,0.4,0.0,0.1,17.1,2023,30,br BRA,Fortaleza,br Série A,37,1751,19.5,16,21,0,FWMF,462f1e13
149,Alexandre Alemão,0.4,0.16,0.42,38.8,0.9,2.2,0.4,0.0,0.0,14.3,2022,23,br BRA,Internacional,br Série A,34,2005,22.3,22,12,1,FW,3ed2a79b
150,Jefferson Savarino,0.4,0.13,0.28,47.5,1.3,2.7,0.4,0.0,0.0,21.5,2024,27,ve VEN,Botafogo (RJ),br Série A,28,2009,22.3,22,6,0,MFFW,91721722
151,Willian,0.4,0.17,0.47,35.7,0.8,2.2,0.4,0.0,0.1,14.3,2020,33,br BRA,Palmeiras,br Série A,32,1758,19.5,18,14,1,FWMF,1f85d0c8
152,Roger Guedes,0.4,0.11,0.28,38.6,1.1,2.9,0.3,0.0,0.0,17.4,2022,25,br BRA,Corinthians,br Série A,36,2550,28.3,33,3,1,FWMF,612a9dd7
153,Keno,0.4,0.06,0.18,36.2,1.2,3.3,0.2,0.1,0.2,20.2,2020,30,br BRA,Atlético Mineiro,br Série A,33,2551,28.3,29,4,0,FWMF,98558c11
154,Gilberto,0.4,0.09,0.24,39.1,1.3,3.4,0.3,0.0,0.1,17.7,2020,30,br BRA,Bahia,br Série A,33,2306,25.6,30,3,0,FW,5da22685
155,Gustavo Mosquito,0.4,0.17,0.33,50.0,1.1,2.1,0.4,0.0,0.0,14.8,2020,22,br BRA,Corinthians,br Série A,27,1284,14.3,16,11,4,FWMF,c9ed46c4
156,Everaldo Stum,0.4,0.11,0.28,37.9,1.1,2.9,0.3,0.0,0.0,14.7,2024,32,br BRA,Bahia,br Série A,37,2056,22.8,27,10,0,FW,0ac3d7d8
157,Rony,0.3,0.12,0.26,44.2,1.3,3.0,0.3,0.0,0.0,18.0,2020,24,br BRA,Palmeiras,br Série A,23,1288,14.3,15,8,4,FWMF,bffd5e50
158,Jean Carlos Vicente,0.3,0.14,0.44,32.1,0.8,2.4,0.3,0.0,0.0,27.0,2024,31,br BRA,Juventude,br Série A,22,1031,11.5,13,9,4,MFFW,db4b7637
159,Eduardo Sasha,0.3,0.13,0.27,49.1,1.1,2.3,0.3,0.0,0.0,15.3,2024,31,br BRA,Red Bull Bragantino,br Série A,28,2079,23.1,26,2,0,FW,b938b871
160,Mauricio,0.3,0.16,0.55,28.9,0.6,2.2,0.3,0.0,0.0,17.9,2022,20,br BRA,Internacional,br Série A,32,1566,17.4,19,13,2,FWMF,bf4cbc22
161,Alan Patrick,0.3,0.11,0.26,42.2,1.1,2.6,0.3,0.1,0.1,19.1,2022,30,br BRA,Internacional,br Série A,26,1576,17.5,20,6,0,MFFW,00672021
162,Vitor Roque,0.3,0.13,0.29,42.5,1.2,2.7,0.3,0.0,0.0,14.8,2022,16,br BRA,Ath Paranaense,br Série A,29,1315,14.6,14,15,2,FW,cb00f1e6
163,Giorgian De Arrascaeta,0.3,0.13,0.44,29.6,0.8,2.6,0.3,0.0,0.0,19.1,2023,28,uy URU,Flamengo,br Série A,28,1842,20.5,22,6,0,MFFW,be8d02dd
164,Wesley,0.3,0.18,0.36,50.0,0.9,1.9,0.3,0.0,0.0,18.0,2021,21,br BRA,Palmeiras,br Série A,23,1061,11.8,15,8,10,FWMF,434de3a3
165,Franco Cristaldo,0.3,0.14,0.26,51.4,0.8,1.6,0.2,0.1,0.2,19.3,2023,26,ar ARG,Grêmio,br Série A,34,2131,23.7,31,3,1,MFFW,25b26e2e
166,Deyverson,0.3,0.11,0.22,48.6,1.5,3.1,0.3,0.0,0.0,13.1,2021,29,br BRA,Palmeiras,br Série A,26,1066,11.8,9,17,5,FW,2e5e846d
167,Wanderson,0.3,0.15,0.38,41.0,0.9,2.2,0.3,0.0,0.0,17.2,2022,27,br BRA,Internacional,br Série A,26,1605,17.8,21,5,0,FWMF,5da33b33
168,Gabriel Veron,0.3,0.25,0.60,41.7,0.6,1.3,0.3,0.0,0.0,15.4,2024,21,br BRA,Cruzeiro,br Série A,27,1611,17.9,21,6,1,FWMF,6bc49da7
169,Pepê,0.3,0.17,0.47,37.0,0.6,1.7,0.3,0.0,0.0,18.1,2020,22,br BRA,Grêmio,br Série A,31,2421,26.9,27,4,0,FWMF,fc4e7637
170,Alef Manga,0.3,0.09,0.23,37.0,1.1,3.0,0.3,0.1,0.1,18.8,2022,27,br BRA,Coritiba,br Série A,35,2426,27.0,30,5,0,FWMF,559782c4
171,Tiquinho Soares,0.3,0.08,0.27,30.6,0.7,2.4,0.2,0.1,0.1,15.2,2024,33,br BRA,Botafogo (RJ),br Série A,28,1349,15.0,13,15,1,FW,4d982baf
172,Nikão,0.3,0.12,0.35,34.0,0.9,2.8,0.3,0.0,0.0,19.1,2024,31,br BRA,Ath Paranaense,br Série A,26,1624,18.0,19,7,3,FWMF,a34bb194
173,Biel,0.3,0.11,0.33,32.6,1.0,3.0,0.3,0.0,0.0,17.8,2023,21,br BRA,Bahia,br Série A,25,1361,15.1,15,10,0,FWMF,1cb046cd
174,Breno,0.3,0.10,0.21,49.0,1.6,3.2,0.3,0.0,0.0,14.9,2023,27,br BRA,Palmeiras,br Série A,31,1365,15.2,14,17,7,FW,e0016d00
175,Wellington Silva,0.3,0.17,0.75,22.2,0.3,1.5,0.2,0.1,0.1,18.3,2020,27,br BRA,Fluminense,br Série A,22,1094,12.2,14,8,2,FWMF,5c60f49c
176,Vitor Bueno,0.3,0.15,0.46,31.7,0.7,2.2,0.3,0.0,0.0,19.2,2019,24,br BRA,São Paulo,br Série A,28,1650,18.3,18,10,9,MFFW,5752f96d
177,Giorgian De Arrascaeta,0.3,0.12,0.29,42.4,1.1,2.7,0.3,0.0,0.0,17.1,2020,25,uy URU,Flamengo,br Série A,28,2206,24.5,26,2,1,MFFW,be8d02dd
178,Julimar,0.3,0.08,0.23,36.6,1.4,3.8,0.3,0.0,0.0,17.3,2024,23,br BRA,Ath Paranaense,br Série A,31,1665,18.5,17,14,1,FWMF,5fca1c6c
179,Nenê,0.3,0.09,0.27,34.9,0.6,1.7,0.2,0.2,0.2,25.4,2020,38,br BRA,Fluminense,br Série A,31,2224,24.7,28,3,1,MFFW,265ebd37
180,Ricardo Bueno,0.3,0.13,0.32,40.4,0.9,2.2,0.3,0.0,0.1,15.5,2019,31,br BRA,2 Teams,br Série A,29,1950,21.7,21,8,2,FW,768cbb2d
181,Stiven Mendoza,0.3,0.10,0.31,31.7,0.7,2.2,0.2,0.1,0.1,19.1,2023,30,co COL,Santos,br Série A,26,1672,18.6,19,7,3,FWMF,e68f2cb4
182,Juan Martín Lucero,0.3,0.13,0.33,40.0,0.7,1.8,0.2,0.1,0.1,18.3,2024,32,ar ARG,Fortaleza,br Série A,32,2246,25.0,26,6,1,FW,18a3f871
183,Vitor Bueno,0.3,0.08,0.33,23.1,0.5,2.1,0.2,0.2,0.2,24.8,2022,27,br BRA,Ath Paranaense,br Série A,21,1124,12.5,13,8,15,MFFW,5752f96d
184,Willian,0.3,0.13,0.36,36.7,0.9,2.4,0.3,0.0,0.0,14.1,2019,32,br BRA,Palmeiras,br Série A,22,1133,12.6,11,11,1,FWMF,1f85d0c8
185,Carlos Sánchez,0.3,0.07,0.29,25.9,0.4,1.7,0.1,0.2,0.2,21.6,2021,36,uy URU,Santos,br Série A,28,1426,15.8,14,14,3,MFFW,a6dbad80
186,Keno,0.3,0.13,0.42,30.0,0.8,2.5,0.3,0.0,0.0,19.2,2021,31,br BRA,Atlético Mineiro,br Série A,24,1428,15.9,17,7,0,FWMF,98558c11
187,Bruno Henrique,0.3,0.10,0.30,33.3,0.9,2.8,0.3,0.0,0.1,16.0,2020,29,br BRA,Flamengo,br Série A,31,2575,28.6,30,1,0,FW,5edff24f
188,Ferreira,0.3,0.14,0.36,39.3,0.9,2.2,0.3,0.0,0.0,17.8,2023,25,br BRA,Grêmio,br Série A,25,1145,12.7,6,19,1,FWMF,1414e902
189,Alexandre Pato,0.3,0.12,0.29,40.5,1.1,2.6,0.3,0.0,0.0,19.1,2019,29,br BRA,São Paulo,br Série A,20,1434,15.9,18,2,7,FW,7dd83c7d
190,Ángel Romero,0.3,0.11,0.42,26.7,0.7,2.8,0.3,0.0,0.1,17.1,2024,31,py PAR,Corinthians,br Série A,28,1449,16.1,16,12,0,FW,36edfb9b
191,Ademir Santos,0.3,0.14,0.38,37.2,0.8,2.2,0.3,0.0,0.0,17.0,2023,27,br BRA,Bahia,br Série A,33,1740,19.3,19,14,2,FWMF,4b7d58c2
192,Lima,0.3,0.21,0.38,54.2,0.7,1.2,0.3,0.1,0.1,17.8,2020,23,br BRA,Ceará,br Série A,31,1740,19.3,20,11,3,FWMF,d215c7de
193,Igor Jesus,0.3,0.09,0.22,39.7,1.4,3.6,0.3,0.0,0.0,12.3,2024,22,br BRA,Botafogo (RJ),br Série A,22,1454,16.2,16,6,0,FW,dbe24cce
194,Juan Cazares,0.3,0.08,0.25,32.3,1.0,3.2,0.3,0.1,0.1,23.5,2019,26,ec ECU,Atlético Mineiro,br Série A,26,1750,19.4,22,4,2,MFFW,754368cb
195,David Terans,0.3,0.08,0.27,30.1,1.1,3.7,0.3,0.0,0.0,22.6,2021,26,uy URU,Ath Paranaense,br Série A,29,1752,19.5,21,8,1,MFFW,d3d89d8d
196,Mauricio,0.3,0.13,0.46,28.9,0.7,2.3,0.3,0.0,0.0,20.8,2023,21,br BRA,Internacional,br Série A,26,1766,19.6,22,4,1,FWMF,bf4cbc22
197,Fred,0.3,0.15,0.33,45.5,0.9,2.0,0.3,0.0,0.0,15.5,2020,36,br BRA,Fluminense,br Série A,24,1478,16.4,19,5,0,FW,acaeba74
198,Yannick Bolasie,0.3,0.11,0.22,48.0,1.4,2.8,0.3,0.0,0.0,17.6,2024,34,cd COD,Criciúma,br Série A,34,2377,26.4,27,7,1,FW,715fc0fe
199,Vinícius,0.3,0.08,0.24,32.9,0.9,2.9,0.2,0.1,0.1,23.0,2021,29,br BRA,Ceará,br Série A,34,2379,26.4,26,8,0,MFFW,ee01c84d
200,Yeferson Soteldo,0.3,0.13,0.35,38.2,0.9,2.3,0.3,0.0,0.0,16.7,2019,21,ve VEN,Santos,br Série A,32,2689,29.9,31,1,0,FW,bbb6c951
201,Rodrigo Garro,0.3,0.14,0.30,46.2,0.9,2.0,0.3,0.0,0.0,23.7,2024,26,ar ARG,Corinthians,br Série A,36,2995,33.3,35,1,0,MFFW,42b3b51f
202,Agustín Canobbio,0.3,0.12,0.27,44.1,1.1,2.5,0.3,0.0,0.0,17.0,2024,25,uy URU,Ath Paranaense,br Série A,20,1215,13.5,14,6,0,FWMF,4f5a2f38
203,Mateus Vital,0.3,0.15,0.24,63.0,1.3,2.0,0.3,0.0,0.0,19.0,2020,21,br BRA,Corinthians,br Série A,25,1218,13.5,14,11,8,FWMF,db9c8fa4
204,Jô,0.3,0.14,0.38,38.1,0.7,1.8,0.3,0.0,0.0,12.1,2021,33,br BRA,Corinthians,br Série A,32,2147,23.9,24,8,2,FW,e47d11f8
205,Pedro Rocha Neves,0.3,0.13,0.44,30.0,0.7,2.2,0.3,0.0,0.0,19.1,2021,26,br BRA,Ath Paranaense,br Série A,20,1228,13.6,11,9,0,FWMF,b33e0095
206,Sassá,0.3,0.09,0.25,37.5,1.2,3.1,0.3,0.0,0.0,18.2,2019,25,br BRA,Cruzeiro,br Série A,24,922,10.2,9,15,11,FW,445f7fc6
207,Gabriel Barbosa,0.3,0.02,0.07,32.6,0.8,2.5,0.1,0.2,0.3,18.0,2023,26,br BRA,Flamengo,br Série A,26,1540,17.1,17,9,3,FW,72d0e1b6
208,Abel Hernández,0.3,0.13,0.33,37.5,0.9,2.3,0.3,0.0,0.0,12.1,2020,29,uy URU,Internacional,br Série A,23,925,10.3,10,13,5,FW,a36da810
209,Robson,0.3,0.10,0.29,34.3,0.9,2.6,0.3,0.0,0.0,19.0,2020,28,br BRA,Coritiba,br Série A,32,2469,27.4,29,3,0,FWMF,e29eff7a
210,Júnior Santos,0.3,0.10,0.33,30.4,0.9,2.9,0.3,0.0,0.0,18.2,2023,28,br BRA,Botafogo (RJ),br Série A,37,2163,24.0,30,7,1,FW,9109e933
211,Luiz Adriano,0.3,0.12,0.25,46.2,1.2,2.5,0.3,0.0,0.0,13.3,2021,33,br BRA,Palmeiras,br Série A,19,936,10.4,12,7,9,FW,2557c196
212,Luiz Henrique,0.3,0.13,0.35,36.2,0.8,2.3,0.3,0.0,0.0,18.3,2021,20,br BRA,Fluminense,br Série A,33,1873,20.8,24,9,0,FW,8059806f
213,Fred,0.3,0.07,0.17,40.0,0.7,1.7,0.1,0.2,0.2,15.1,2021,37,br BRA,Fluminense,br Série A,24,1574,17.5,22,2,0,FW,acaeba74
214,Jonas,0.3,0.14,0.43,31.8,0.7,2.1,0.3,0.0,0.0,19.5,2019,19,br BRA,São Paulo,br Série A,17,947,10.5,11,6,4,FWMF,32794a5b
215,Giovanni Augusto,0.3,0.17,0.50,33.3,0.6,1.7,0.3,0.0,0.0,21.2,2020,30,br BRA,Coritiba,br Série A,20,1275,14.2,15,5,1,MFFW,2f94a698
216,Enner Valencia,0.3,0.10,0.25,41.4,1.1,2.7,0.3,0.0,0.1,16.2,2024,34,ec ECU,Internacional,br Série A,24,961,10.7,11,13,0,FW,fb485406
217,Janderson,0.3,0.15,0.33,45.0,0.8,1.9,0.3,0.0,0.0,17.1,2024,24,br BRA,Atl Goianiense,br Série A,20,962,10.7,9,11,0,FWMF,06c5bcf7
218,Moises,0.3,0.12,0.32,37.9,0.9,2.3,0.3,0.0,0.0,18.0,2022,25,br BRA,Fortaleza,br Série A,37,2250,25.0,27,10,1,FWMF,ddd07a25
219,Muriqui,0.3,0.11,0.67,16.7,0.2,1.3,0.1,0.1,0.1,16.1,2022,35,br BRA,Avaí,br Série A,26,1289,14.3,18,8,4,FWMF,a55ac46c
220,Luiz Fernando,0.3,0.12,0.36,33.3,0.8,2.3,0.3,0.0,0.0,18.4,2024,27,br BRA,Atl Goianiense,br Série A,31,2591,28.8,30,1,0,FWMF,824ed016
221,Lucca,0.3,0.18,0.38,47.1,0.7,1.6,0.3,0.0,0.0,15.8,2020,29,br BRA,Fluminense,br Série A,18,972,10.8,11,7,2,FW,c1b02057
222,Pedro Rocha Neves,0.3,0.10,0.40,25.0,0.5,1.8,0.2,0.1,0.1,21.7,2022,27,br BRA,2 Teams,br Série A,19,976,10.8,11,8,6,FW,b33e0095
223,Jô,0.3,0.13,0.27,47.8,1.0,2.1,0.3,0.0,0.1,12.1,2022,34,br BRA,2 Teams,br Série A,15,977,10.9,10,5,3,FW,e47d11f8
224,Miguel Monsalve,0.3,0.17,0.60,27.8,0.5,1.7,0.3,0.0,0.0,16.1,2024,19,co COL,Grêmio,br Série A,19,978,10.9,10,9,3,FWMF,a2f7f47c
225,Gabriel Chaves,0.3,0.12,0.33,36.4,0.8,2.3,0.3,0.0,0.0,17.8,2023,21,br BRA,Vasco da Gama,br Série A,37,2612,29.0,29,8,0,FWMF,c37ce1ca
226,João Magno,0.3,0.12,0.38,32.0,0.7,2.3,0.3,0.0,0.0,14.8,2023,25,br BRA,Goiás,br Série A,19,983,10.9,13,6,1,FW,d173dcd7
227,Rony,0.3,0.10,0.28,35.3,1.0,2.8,0.3,0.0,0.0,13.1,2023,27,br BRA,Palmeiras,br Série A,30,1639,18.2,19,11,0,FW,bffd5e50
228,Derek,0.3,0.10,0.38,26.7,0.7,2.7,0.3,0.0,0.1,15.4,2024,26,br BRA,Atl Goianiense,br Série A,25,986,11.0,11,14,4,FW,2c787718
229,Léo Natel,0.3,0.11,0.29,36.8,1.0,2.6,0.3,0.0,0.0,21.5,2020,22,br BRA,Corinthians,br Série A,31,1316,14.6,14,17,3,FWMF,cd8d04a2
230,Tomas Pochettino,0.3,0.15,0.56,26.5,0.5,1.9,0.3,0.0,0.1,22.5,2024,27,ar ARG,Fortaleza,br Série A,32,1648,18.3,19,13,3,MFFW,fb36aa6b
231,Pedro Perotti,0.3,0.11,0.60,18.5,0.5,2.4,0.3,0.0,0.0,12.9,2021,23,br BRA,Chapecoense,br Série A,26,994,11.0,7,19,1,FWMF,c319dd64
232,Wanderson,0.3,0.18,0.35,52.6,0.8,1.5,0.3,0.0,0.0,20.6,2023,28,br BRA,Internacional,br Série A,32,2336,26.0,26,6,2,FWMF,5da33b33
233,Arthur,0.3,0.11,0.38,28.9,0.7,2.4,0.3,0.0,0.0,16.4,2024,31,br BRA,Criciúma,br Série A,33,1671,18.6,18,15,2,FW,4a870f60
234,Yeferson Soteldo,0.3,0.19,0.50,37.0,0.5,1.5,0.3,0.0,0.0,16.2,2024,26,ve VEN,Grêmio,br Série A,24,1673,18.6,19,5,0,FWMF,bbb6c951
235,Thaciano,0.3,0.13,0.44,29.6,0.6,2.1,0.3,0.0,0.0,13.5,2024,28,br BRA,Bahia,br Série A,35,2343,26.0,32,3,1,FWMF,139113e4
236,Michael,0.3,0.11,0.28,40.0,1.0,2.4,0.3,0.0,0.0,19.9,2019,22,br BRA,Goiás,br Série A,35,3023,33.6,35,0,0,FWMF,f523d00b
237,Cadu,0.3,0.19,0.43,43.8,0.6,1.4,0.3,0.0,0.0,12.1,2024,19,br BRA,Atlético Mineiro,br Série A,20,1008,11.2,12,8,6,FWMF,6fefa986
238,Vinícius,0.3,0.14,0.30,46.5,0.9,1.9,0.3,0.0,0.0,16.1,2020,20,br BRA,Goiás,br Série A,28,2019,22.4,23,5,0,FWMF,ecce7383
239,Guilherme Bissoli,0.3,0.07,0.18,37.9,1.0,2.6,0.2,0.1,0.1,17.8,2021,23,br BRA,Ath Paranaense,br Série A,21,1010,11.2,11,10,4,FW,c9024e62
240,Marinho,0.3,0.09,0.27,34.1,1.0,2.9,0.3,0.0,0.0,22.1,2024,33,br BRA,Fortaleza,br Série A,23,1348,15.0,16,7,2,FW,c077c735
241,Jhon Arias,0.3,0.12,0.29,41.4,0.9,2.2,0.3,0.0,0.1,17.6,2024,26,co COL,Fluminense,br Série A,27,2376,26.4,26,1,0,FW,86d96066
242,Yuri Alberto,0.3,0.09,0.29,32.6,0.9,2.8,0.3,0.0,0.0,14.6,2023,21,br BRA,Corinthians,br Série A,34,2722,30.2,32,2,1,FW,65159211
243,Dudu,0.3,0.09,0.24,40.0,1.1,2.8,0.3,0.0,0.0,19.6,2019,27,br BRA,Palmeiras,br Série A,36,3063,34.0,34,2,0,FWMF,895ef5ec
244,Nikão,0.3,0.06,0.16,36.2,1.3,3.6,0.2,0.1,0.1,24.0,2019,26,br BRA,Ath Paranaense,br Série A,23,1702,18.9,20,3,1,FWMF,a34bb194
245,Christian,0.3,0.15,0.57,26.9,0.5,1.7,0.3,0.0,0.0,20.1,2023,22,br BRA,Ath Paranaense,br Série A,21,1362,15.1,14,7,2,MFFW,a856b456
246,Jhon Arias,0.3,0.10,0.22,46.0,0.9,1.9,0.2,0.1,0.1,19.6,2023,25,co COL,Fluminense,br Série A,29,2385,26.5,26,3,1,FWMF,86d96066
247,Diego Churín,0.3,0.12,0.27,42.3,0.8,2.0,0.2,0.0,0.0,14.1,2022,32,ar ARG,Atl Goianiense,br Série A,36,2387,26.5,25,11,0,FW,875ac6e9
248,Leandro Barcia,0.3,0.16,0.38,42.1,0.7,1.7,0.3,0.0,0.0,11.2,2020,27,uy URU,Sport Recife,br Série A,16,1025,11.4,10,6,0,FWMF,11d91ea7
249,Hércules,0.3,0.14,0.36,39.3,0.7,1.8,0.3,0.0,0.0,24.3,2022,21,br BRA,Fortaleza,br Série A,28,1367,15.2,12,16,3,MFFW,eadc7b45
250,Pablo,0.3,0.12,0.38,32.0,0.7,2.2,0.3,0.0,0.0,13.4,2019,26,br BRA,São Paulo,br Série A,13,1026,11.4,13,0,0,FW,1ad394c5
251,Thiago Neves,0.3,0.12,0.38,31.0,0.6,1.8,0.2,0.0,0.0,24.0,2020,34,br BRA,Sport Recife,br Série A,25,2054,22.8,24,1,0,MFFW,522d4722
252,Zé Rafael,0.3,0.12,0.31,39.0,0.8,2.2,0.3,0.0,0.0,18.1,2019,25,br BRA,Palmeiras,br Série A,27,1715,19.1,23,4,6,FWMF,634b1413
253,Jefferson Savarino,0.3,0.10,0.39,26.9,0.7,2.5,0.3,0.0,0.0,19.3,2020,23,ve VEN,Atlético Mineiro,br Série A,32,2402,26.7,28,4,0,FWMF,91721722
254,Federico Zaracho,0.3,0.17,0.50,33.3,0.5,1.6,0.3,0.0,0.0,15.8,2021,22,ar ARG,Atlético Mineiro,br Série A,32,2412,26.8,29,3,0,MFFW,803d5265
255,Bruno Henrique,0.3,0.10,0.26,36.5,0.8,2.3,0.2,0.0,0.0,17.2,2024,33,br BRA,Flamengo,br Série A,29,2070,23.0,24,5,0,FWMF,5edff24f
256,Marinho,0.3,0.07,0.21,31.1,0.9,2.9,0.2,0.1,0.1,21.6,2022,31,br BRA,Flamengo,br Série A,25,1381,15.3,16,9,8,FW,c077c735
257,Luis Henrique,0.3,0.15,0.31,48.1,0.8,1.8,0.3,0.0,0.0,20.2,2023,21,br BRA,Botafogo (RJ),br Série A,34,1381,15.3,13,21,2,FWMF,f36d5624
258,Zé Roberto,0.3,0.12,0.50,24.4,0.4,1.8,0.2,0.0,0.0,15.1,2021,27,br BRA,Atl Goianiense,br Série A,34,2082,23.1,26,8,0,FW,810033a1
259,Wellington Rato,0.3,0.08,0.29,29.2,0.9,3.1,0.3,0.0,0.0,21.3,2022,29,br BRA,Atl Goianiense,br Série A,36,2782,30.9,33,3,0,FWMF,598917cf
260,Marcos Paulo,0.3,0.12,0.44,27.3,0.6,2.1,0.3,0.0,0.0,15.1,2019,17,br BRA,Fluminense,br Série A,24,1391,15.5,16,8,9,FWMF,d70a5433
261,Lucas Barbosa,0.3,0.10,0.29,34.3,0.9,2.6,0.3,0.0,0.0,19.3,2024,22,br BRA,Juventude,br Série A,33,2443,27.1,32,1,0,FW,a28eac7e
262,Vágner Love,0.3,0.13,0.40,33.3,0.5,1.5,0.2,0.1,0.1,16.0,2019,34,br BRA,Corinthians,br Série A,28,1758,19.5,18,10,5,FWMF,6d4d9e18
263,Jô,0.3,0.15,0.32,48.7,0.8,1.7,0.3,0.0,0.0,12.4,2020,32,br BRA,Corinthians,br Série A,30,2113,23.5,24,6,0,FW,e47d11f8
264,Bruno Nascimento,0.3,0.08,0.22,35.5,0.9,2.4,0.2,0.1,0.1,21.2,2023,25,br BRA,Cruzeiro,br Série A,35,2820,31.3,30,5,0,FWMF,46411d56
265,Matheus Pereira,0.3,0.12,0.36,32.8,0.7,2.1,0.3,0.0,0.0,21.0,2024,27,br BRA,Cruzeiro,br Série A,34,2823,31.4,31,3,0,FWMF,b04ee927
266,Deyverson,0.3,0.10,0.26,38.0,1.0,2.5,0.3,0.0,0.0,12.7,2019,27,br BRA,Palmeiras,br Série A,24,1774,19.7,21,3,8,FW,2e5e846d
267,Derik Lacerda,0.3,0.15,0.44,34.6,0.6,1.6,0.3,0.0,0.0,14.6,2024,24,br BRA,Cuiabá,br Série A,27,1420,15.8,15,12,0,FWMF,d028bfe9
268,Franco Cristaldo,0.3,0.10,0.26,36.5,0.8,2.2,0.2,0.0,0.0,19.2,2024,27,ar ARG,Grêmio,br Série A,35,2136,23.7,25,10,1,MFFW,25b26e2e
269,Dudu,0.3,0.09,0.30,28.6,0.8,2.9,0.3,0.0,0.0,19.0,2023,31,br BRA,Palmeiras,br Série A,14,1076,12.0,14,0,0,FW,895ef5ec
270,Luiz Henrique,0.2,0.10,0.27,37.3,0.8,2.1,0.2,0.0,0.0,19.2,2024,23,br BRA,Botafogo (RJ),br Série A,35,2533,28.1,33,2,1,FWMF,8059806f
271,Robson,0.2,0.09,0.29,31.8,0.9,2.7,0.2,0.0,0.1,20.7,2022,30,br BRA,Fortaleza,br Série A,29,1448,16.1,16,13,2,FWMF,e29eff7a
272,Gilberto,0.2,0.09,0.33,25.7,0.7,2.9,0.2,0.0,0.0,15.3,2023,33,br BRA,Cruzeiro,br Série A,20,1093,12.1,14,6,3,FW,5da22685
273,Raí Nascimento,0.2,0.13,0.25,52.2,1.0,1.9,0.2,0.0,0.0,19.8,2021,22,br BRA,Bahia,br Série A,15,1098,12.2,15,0,0,FWMF,909aff69
274,Gustavo Scarpa,0.2,0.03,0.09,29.5,1.2,3.9,0.1,0.1,0.2,25.4,2022,28,br BRA,Palmeiras,br Série A,35,2575,28.6,31,4,1,MFFW,2964fd20
275,Cléber,0.2,0.11,0.35,32.1,0.7,2.2,0.2,0.0,0.0,13.8,2020,23,br BRA,Ceará,br Série A,33,2208,24.5,29,4,3,FW,e539e239
276,Gilberto,0.2,0.09,0.21,40.0,1.1,2.8,0.2,0.0,0.0,16.6,2024,34,br BRA,Juventude,br Série A,24,1110,12.3,15,9,3,FW,5da22685
277,Marinho,0.2,0.05,0.17,29.5,0.9,3.2,0.2,0.1,0.2,24.2,2021,30,br BRA,Santos,br Série A,27,2220,24.7,26,1,0,FWMF,c077c735
278,Júnior Santos,0.2,0.10,0.25,38.1,1.0,2.6,0.2,0.0,0.0,16.5,2024,29,br BRA,Botafogo (RJ),br Série A,24,1481,16.5,16,8,1,FW,9109e933
279,Renato Augusto,0.2,0.11,0.31,35.1,0.8,2.2,0.2,0.0,0.0,21.1,2021,32,br BRA,Corinthians,br Série A,21,1483,16.5,16,5,1,MFFW,83a6367a
280,Pablo,0.2,0.10,0.25,41.0,1.0,2.4,0.2,0.0,0.0,16.9,2022,29,br BRA,Ath Paranaense,br Série A,25,1493,16.6,17,8,3,FW,1ad394c5
281,Martín Benítez,0.2,0.08,0.30,27.8,0.8,2.9,0.2,0.0,0.0,24.6,2023,28,ar ARG,América (MG),br Série A,20,1120,12.4,14,6,6,MFFW,c122e34e
282,Diego Souza,0.2,0.10,0.29,35.9,0.5,1.3,0.1,0.1,0.1,16.6,2019,33,br BRA,Botafogo (RJ),br Série A,32,2623,29.1,30,2,2,FWMF,273a2635
283,Thiago Galhardo,0.2,0.05,0.16,31.7,0.9,2.9,0.1,0.1,0.1,16.9,2023,33,br BRA,Fortaleza,br Série A,33,1876,20.8,20,13,0,FWMF,766f48dd
284,Everton Ribeiro,0.2,0.13,0.41,31.5,0.6,1.8,0.2,0.0,0.0,19.9,2020,30,br BRA,Flamengo,br Série A,33,2633,29.3,31,2,0,MFFW,68fb50a2
285,Ademir Santos,0.2,0.10,0.23,44.8,1.0,2.3,0.2,0.0,0.0,16.0,2024,28,br BRA,Bahia,br Série A,31,1131,12.6,10,21,1,FWMF,4b7d58c2
286,Gustavo Mosquito,0.2,0.20,0.60,33.3,0.4,1.2,0.2,0.0,0.0,13.6,2022,24,br BRA,Corinthians,br Série A,22,1132,12.6,13,9,6,FWMF,c9ed46c4
287,Artur,0.2,0.11,0.29,36.2,0.8,2.2,0.2,0.0,0.0,16.8,2023,24,br BRA,Palmeiras,br Série A,31,1896,21.1,22,9,4,FW,105132cd
288,Breno,0.2,0.10,0.25,39.2,0.9,2.4,0.2,0.0,0.0,20.7,2024,28,br BRA,2 Teams,br Série A,32,1897,21.1,22,10,2,FWMF,e0016d00
289,Bergson da Silva,0.2,0.07,0.16,41.3,1.5,3.6,0.2,0.0,0.1,17.8,2019,27,br BRA,Ceará,br Série A,22,1141,12.7,12,10,13,FW,056bea46
290,Jhon Arias,0.2,0.15,0.43,35.0,0.5,1.4,0.2,0.0,0.0,19.3,2022,24,co COL,Fluminense,br Série A,33,2663,29.6,31,2,1,FWMF,86d96066
291,David,0.2,0.14,0.37,38.8,0.6,1.7,0.2,0.0,0.0,15.3,2020,24,br BRA,Fortaleza,br Série A,35,2664,29.6,35,0,0,FWMF,92f9ace5
292,Anselmo Ramon,0.2,0.07,0.33,20.0,0.4,1.8,0.1,0.1,0.1,13.7,2021,32,br BRA,Chapecoense,br Série A,24,1529,17.0,21,3,3,FW,3a0381ae
293,Luciano,0.2,0.12,0.24,50.0,1.0,2.0,0.2,0.0,0.0,14.6,2021,27,br BRA,São Paulo,br Série A,22,1530,17.0,19,3,0,FWMF,24ce161c
294,Jhonatan Jowjow,0.2,0.16,0.30,52.6,0.8,1.5,0.2,0.0,0.0,18.4,2024,21,br BRA,Red Bull Bragantino,br Série A,18,1157,12.9,16,2,3,MFFW,f82517a8
295,Ribamar,0.2,0.09,0.27,32.4,0.9,2.6,0.2,0.0,0.0,12.6,2019,21,br BRA,Vasco da Gama,br Série A,21,1162,12.9,15,6,5,FW,2d1494d9
296,David,0.2,0.11,0.33,31.9,0.7,2.2,0.2,0.0,0.0,18.1,2021,25,br BRA,Fortaleza,br Série A,32,1937,21.5,23,9,0,FW,92f9ace5
297,Bitelo,0.2,0.13,0.57,22.6,0.4,1.8,0.2,0.0,0.0,18.9,2023,23,br BRA,Grêmio,br Série A,19,1550,17.2,18,1,0,MFFW,d4b69f94
298,Igor Paixão,0.2,0.09,0.33,25.5,0.7,2.7,0.2,0.0,0.0,19.8,2022,21,br BRA,Coritiba,br Série A,18,1552,17.2,17,1,0,FWMF,089c7323
299,Jonathan Júnior,0.2,0.10,0.33,30.0,0.7,2.3,0.2,0.0,0.0,17.0,2019,19,br BRA,Avaí,br Série A,16,1172,13.0,13,3,0,FW,c15dbe64
300,Gustavo Scarpa,0.2,0.04,0.09,41.8,1.3,3.2,0.1,0.1,0.2,26.0,2019,25,br BRA,Palmeiras,br Série A,27,1564,17.4,19,8,2,MFFW,2964fd20
301,Luiz Araújo,0.2,0.08,0.24,32.1,1.0,3.0,0.2,0.0,0.0,20.9,2024,27,br BRA,Flamengo,br Série A,25,1566,17.4,15,10,0,FWMF,fa18c72e
302,Rossi,0.2,0.12,0.29,41.2,0.6,1.6,0.2,0.0,0.0,16.8,2020,26,br BRA,Bahia,br Série A,34,1964,21.8,20,14,1,FWMF,80274d82
303,Patrick,0.2,0.17,0.63,27.6,0.4,1.3,0.2,0.0,0.0,13.5,2022,29,br BRA,São Paulo,br Série A,31,1964,21.8,24,7,4,MFFW,92add14e
304,David,0.2,0.12,0.57,21.2,0.4,1.9,0.2,0.0,0.0,20.3,2024,28,br BRA,Vasco da Gama,br Série A,23,1588,17.6,20,3,0,FW,92f9ace5
305,Ytalo,0.2,0.09,0.22,39.7,1.0,2.6,0.2,0.0,0.0,17.4,2020,32,br BRA,Red Bull Bragantino,br Série A,31,1988,22.1,25,6,5,FW,423e3d0b
306,Vitinho,0.2,0.07,0.29,25.0,0.8,3.2,0.2,0.0,0.0,23.6,2021,27,br BRA,Flamengo,br Série A,31,1594,17.7,18,13,3,MFFW,a9e68c94
307,Dudu,0.2,0.10,0.26,39.1,0.9,2.2,0.2,0.0,0.0,17.3,2022,30,br BRA,Palmeiras,br Série A,38,2815,31.3,36,2,0,FW,895ef5ec
308,Fabrício,0.2,0.07,0.25,26.1,0.9,3.4,0.2,0.0,0.0,21.0,2021,23,br BRA,América (MG),br Série A,22,1207,13.4,14,8,2,FWMF,0211a29e
309,Germán Cano,0.2,0.10,0.20,47.6,1.1,2.3,0.2,0.0,0.0,16.8,2024,35,ar ARG,Fluminense,br Série A,27,1611,17.9,20,7,2,FW,9ccf4e14
310,Artur,0.2,0.11,0.39,28.6,0.6,2.0,0.2,0.0,0.0,22.5,2019,20,br BRA,Bahia,br Série A,32,2821,31.3,32,0,0,FWMF,105132cd
311,Marcos Paulo,0.2,0.11,0.43,25.9,0.5,2.0,0.2,0.0,0.0,15.3,2020,18,br BRA,Fluminense,br Série A,24,1210,13.4,14,10,3,FWMF,d70a5433
312,Isidro Pitta,0.2,0.06,0.20,30.8,0.6,2.1,0.1,0.1,0.1,17.5,2024,24,py PAR,Cuiabá,br Série A,35,2831,31.5,33,2,0,FW,e9fc7295
313,Mike,0.2,0.13,0.33,40.0,0.5,1.3,0.2,0.0,0.1,18.9,2021,27,br BRA,Chapecoense,br Série A,30,2027,22.5,26,4,2,FWMF,f50a3b89
314,Nathan,0.2,0.09,0.25,37.5,0.9,2.4,0.2,0.0,0.0,18.7,2020,23,br BRA,Atlético Mineiro,br Série A,27,1217,13.5,13,14,3,MFFW,fa00f0c9
315,Dimitri Payet,0.2,0.15,0.50,30.8,0.3,1.0,0.1,0.1,0.1,27.2,2024,36,fr FRA,Vasco da Gama,br Série A,23,1220,13.6,16,7,1,MFFW,58ae47b2
316,Deyverson,0.2,0.17,0.33,50.0,0.7,1.3,0.2,0.0,0.1,14.8,2024,32,br BRA,2 Teams,br Série A,21,1221,13.6,14,7,1,FW,2e5e846d
317,Rony,0.2,0.06,0.22,28.4,1.0,3.5,0.2,0.0,0.0,19.3,2019,23,br BRA,Ath Paranaense,br Série A,30,2443,27.1,28,2,2,FWMF,bffd5e50
318,Rony,0.2,0.09,0.33,27.3,0.7,2.4,0.2,0.0,0.0,16.7,2021,25,br BRA,Palmeiras,br Série A,25,1634,18.2,19,6,3,FWMF,bffd5e50
319,Clayson,0.2,0.11,0.36,31.1,0.6,2.0,0.2,0.0,0.0,21.6,2024,28,br BRA,Cuiabá,br Série A,33,2043,22.7,28,5,3,FWMF,85c1009d
320,Jonathan Calleri,0.2,0.12,0.38,30.2,0.6,1.9,0.2,0.0,0.0,13.2,2024,30,ar ARG,São Paulo,br Série A,27,2047,22.7,24,3,1,FW,6922f806
321,Gustavo Nunes,0.2,0.17,0.43,38.9,0.5,1.3,0.2,0.0,0.0,19.0,2024,18,br BRA,Grêmio,br Série A,20,1238,13.8,11,9,0,FWMF,e504780f
322,Adson,0.2,0.11,0.38,29.6,0.6,2.0,0.2,0.0,0.0,18.5,2022,21,br BRA,Corinthians,br Série A,25,1239,13.8,13,12,3,FWMF,eda38706
323,Vitor Bueno,0.2,0.03,0.12,27.0,0.7,2.7,0.1,0.1,0.1,26.8,2023,28,br BRA,Ath Paranaense,br Série A,32,2075,23.1,25,7,3,MFFW,5752f96d
324,Lucas Braga,0.2,0.13,0.28,46.2,0.8,1.7,0.2,0.0,0.0,17.7,2022,25,br BRA,Santos,br Série A,33,2078,23.1,22,11,1,FWMF,8a0a73ad
325,Helinho,0.2,0.10,0.25,40.8,0.9,2.1,0.2,0.0,0.0,22.8,2021,20,br BRA,Red Bull Bragantino,br Série A,33,2084,23.2,24,9,0,FWMF,5837cb60
326,Taison,0.2,0.12,0.27,44.1,0.8,1.8,0.2,0.0,0.0,21.4,2021,33,br BRA,Internacional,br Série A,22,1668,18.5,22,0,1,MFFW,7272a72a
327,João Paulo Alves,0.2,0.05,0.20,25.0,0.4,1.7,0.1,0.1,0.1,23.5,2019,28,br BRA,Avaí,br Série A,28,2085,23.2,22,6,5,MFFW,888b3b6c
328,Marco Ruben,0.2,0.09,0.25,35.6,0.9,2.4,0.2,0.0,0.0,11.7,2019,32,ar ARG,Ath Paranaense,br Série A,23,1671,18.6,19,4,4,FW,30795728
329,Dalberto,0.2,0.09,0.27,34.4,0.8,2.3,0.2,0.0,0.0,14.5,2020,25,br BRA,Sport Recife,br Série A,15,1264,14.0,15,0,0,FW,a328595b
330,Lima,0.2,0.13,0.35,36.2,0.6,1.7,0.2,0.0,0.0,21.8,2023,26,br BRA,Fluminense,br Série A,35,2532,28.1,26,9,0,MFFW,d215c7de
331,Erick,0.2,0.13,0.23,56.4,0.9,1.7,0.2,0.0,0.0,14.8,2024,27,br BRA,Juventude,br Série A,35,2112,23.5,26,9,1,FW,f50ae991
332,João Pedro,0.2,0.07,0.19,36.8,1.1,3.0,0.2,0.0,0.0,14.2,2019,17,br BRA,Fluminense,br Série A,25,1694,18.8,18,7,3,FW,e8832875
333,Pedro Henrique,0.2,0.06,0.22,25.0,0.6,2.5,0.1,0.1,0.1,17.2,2023,32,br BRA,Internacional,br Série A,26,1271,14.1,14,12,2,FWMF,460976a2
334,Rómulo Otero,0.2,0.04,0.13,32.4,1.6,5.0,0.2,0.0,0.0,27.1,2019,26,ve VEN,Atlético Mineiro,br Série A,20,1272,14.1,14,6,3,FWMF,96fdc3c0
335,Leandro Carvalho,0.2,0.08,0.19,40.0,1.1,2.8,0.2,0.0,0.0,23.4,2019,23,br BRA,Ceará,br Série A,26,1281,14.2,15,11,7,FWMF,492812cf
336,Helinho,0.2,0.07,0.25,26.1,0.6,2.4,0.2,0.1,0.1,21.2,2022,21,br BRA,Red Bull Bragantino,br Série A,31,1710,19.0,19,12,0,FWMF,5837cb60
337,Rony,0.2,0.07,0.18,36.7,1.2,3.1,0.2,0.0,0.0,13.6,2024,28,br BRA,Palmeiras,br Série A,35,1721,19.1,17,18,2,FW,bffd5e50
338,Eduardo Sasha,0.2,0.08,0.23,33.3,0.9,2.7,0.2,0.0,0.0,15.6,2022,29,br BRA,Atlético Mineiro,br Série A,27,1291,14.3,16,11,5,FWMF,b938b871
339,Jenison,0.2,0.11,0.40,28.6,0.5,1.8,0.2,0.0,0.0,14.3,2021,29,br BRA,Cuiabá,br Série A,30,1727,19.2,22,8,2,FW,767e6b7f
340,Jonathan David Gómez,0.2,0.04,0.13,31.4,0.7,2.1,0.1,0.1,0.1,26.1,2019,29,ar ARG,CSA,br Série A,26,2159,24.0,25,1,1,MFFW,c911d311
341,Alisson,0.2,0.10,0.24,42.5,0.9,2.1,0.2,0.0,0.0,19.8,2019,25,br BRA,Grêmio,br Série A,22,1728,19.2,22,0,6,FW,99139fa4
342,Patrick,0.2,0.15,0.50,30.0,0.4,1.4,0.2,0.0,0.0,13.8,2020,27,br BRA,Internacional,br Série A,33,2603,28.9,32,1,0,MFFW,92add14e
343,Everton Soares,0.2,0.07,0.16,45.5,1.3,2.8,0.2,0.0,0.0,18.7,2023,26,br BRA,Flamengo,br Série A,33,1741,19.3,21,12,5,FWMF,b1cbc666
344,Romarinho,0.2,0.09,0.43,20.0,0.5,2.4,0.2,0.0,0.0,20.9,2022,27,br BRA,Fortaleza,br Série A,26,1310,14.6,17,9,7,FWMF,1e7d2cc0
345,Felipe Azevedo,0.2,0.09,0.27,33.3,0.8,2.3,0.2,0.0,0.0,17.3,2023,36,br BRA,América (MG),br Série A,30,1748,19.4,25,5,3,FWMF,4a22b15a
346,Fred,0.2,0.05,0.11,41.9,0.7,1.8,0.1,0.1,0.1,14.6,2019,35,br BRA,Cruzeiro,br Série A,30,2203,24.5,23,7,2,FW,acaeba74
347,Luiz Adriano,0.2,0.13,0.27,45.8,0.7,1.6,0.2,0.0,0.0,14.4,2023,35,br BRA,Internacional,br Série A,29,1330,14.8,17,12,6,FW,2557c196
348,Jonathan Cafu,0.2,0.25,0.50,50.0,0.3,0.5,0.1,0.1,0.1,19.8,2021,29,br BRA,Cuiabá,br Série A,29,1330,14.8,14,15,5,FWMF,8d043f1d
349,Paulinho Bóia,0.2,0.06,0.15,40.6,0.9,2.2,0.1,0.1,0.1,23.9,2021,22,br BRA,Juventude,br Série A,20,1330,14.8,17,3,0,FWMF,bc486f0e
350,Wesley,0.2,0.08,0.24,35.4,0.9,2.4,0.2,0.0,0.0,14.9,2023,23,br BRA,Cruzeiro,br Série A,29,1775,19.7,22,7,3,FWMF,434de3a3
351,Arthur,0.2,0.09,0.25,36.4,0.8,2.2,0.2,0.0,0.0,19.5,2023,24,br BRA,Cruzeiro,br Série A,20,1350,15.0,17,3,1,FWMF,184ad240
352,Yimmi Chará,0.2,0.08,0.23,34.2,0.9,2.5,0.2,0.0,0.0,16.2,2019,27,co COL,Atlético Mineiro,br Série A,18,1352,15.0,17,1,0,FWMF,9df9baab
353,Shaylon,0.2,0.10,0.27,35.5,0.7,2.1,0.2,0.0,0.0,21.9,2022,24,br BRA,Atl Goianiense,br Série A,28,1354,15.0,15,13,4,FWMF,69c11ef0
354,Gabriel Sara,0.2,0.08,0.33,25.0,0.6,2.4,0.2,0.0,0.0,22.5,2020,20,br BRA,São Paulo,br Série A,33,2280,25.3,29,4,0,MFFW,135d500d
355,Guilherme Parede,0.2,0.10,0.43,22.6,0.5,2.0,0.2,0.0,0.0,18.2,2019,23,br BRA,Internacional,br Série A,25,1368,15.2,14,11,13,FWMF,2da1c94c
356,Gabriel Taliari,0.2,0.08,0.33,25.0,0.6,2.4,0.2,0.0,0.1,20.9,2024,26,br BRA,Juventude,br Série A,21,914,10.2,8,13,2,FW,75a16442
357,Thonny Anderson,0.2,0.08,0.20,39.5,1.0,2.5,0.2,0.0,0.0,17.0,2019,21,br BRA,Ath Paranaense,br Série A,23,1372,15.2,16,7,8,FWMF,7a7c9837
358,Gustavo Scarpa,0.2,0.04,0.14,28.8,1.0,3.6,0.1,0.0,0.0,25.5,2021,27,br BRA,Palmeiras,br Série A,31,1836,20.4,21,10,3,MFFW,2964fd20
359,Braian Romero,0.2,0.11,0.40,26.3,0.5,1.9,0.2,0.0,0.0,18.1,2019,27,ar ARG,Ath Paranaense,br Série A,16,921,10.2,10,6,22,FWMF,c5cc3130
360,Helinho,0.2,0.07,0.18,39.5,1.1,2.8,0.2,0.0,0.0,23.1,2023,22,br BRA,Red Bull Bragantino,br Série A,24,1384,15.4,20,4,2,FW,5837cb60
361,Lima,0.2,0.12,0.33,35.3,0.6,1.7,0.2,0.0,0.0,23.1,2024,27,br BRA,Fluminense,br Série A,30,1847,20.5,20,10,1,MFFW,d215c7de
362,Keno,0.2,0.08,0.27,28.8,0.7,2.5,0.2,0.0,0.0,17.6,2022,32,br BRA,Atlético Mineiro,br Série A,29,1855,20.6,22,7,0,FWMF,98558c11
363,Brenner Marlos,0.2,0.06,0.33,18.8,0.3,1.6,0.1,0.1,0.1,15.7,2019,24,br BRA,2 Teams,br Série A,14,928,10.3,12,2,10,FW,77bc33b7
364,Artur,0.2,0.07,0.24,30.9,0.8,2.6,0.2,0.0,0.0,18.9,2022,23,br BRA,Red Bull Bragantino,br Série A,33,2787,31.0,32,1,0,FWMF,105132cd
365,Felipe Azevedo,0.2,0.08,0.25,32.8,0.8,2.4,0.2,0.0,0.0,19.5,2021,34,br BRA,América (MG),br Série A,37,2326,25.8,31,6,0,FWMF,4a22b15a
366,Janderson,0.2,0.08,0.27,27.5,0.7,2.6,0.2,0.0,0.0,20.6,2024,24,br BRA,2 Teams,br Série A,28,1396,15.5,14,14,4,FWMF,8b89c34e
367,Léo Chú,0.2,0.15,0.50,30.0,0.4,1.3,0.2,0.0,0.0,16.8,2020,19,br BRA,Ceará,br Série A,22,1401,15.6,20,2,1,FW,d88ebbe9
368,Marcos Vinicios Sorriso,0.2,0.06,0.15,41.9,1.2,3.0,0.2,0.0,0.0,18.2,2023,21,br BRA,Red Bull Bragantino,br Série A,23,938,10.4,8,15,14,FWDF,e816a8ee
369,Guilherme,0.2,0.08,0.21,37.8,0.9,2.4,0.2,0.0,0.0,17.0,2023,27,br BRA,Fortaleza,br Série A,30,1414,15.7,16,14,4,FWMF,58649f05
370,Cléber,0.2,0.07,0.18,38.6,1.1,2.8,0.2,0.0,0.1,15.8,2021,24,br BRA,Ceará,br Série A,28,1416,15.7,14,14,4,FW,e539e239
371,Rodriguinho Marinho,0.2,0.06,0.27,23.4,0.5,2.2,0.1,0.0,0.1,19.3,2021,32,br BRA,Bahia,br Série A,34,1892,21.0,24,10,3,FWMF,0e335a47
372,Everaldo,0.2,0.06,0.18,35.4,0.8,2.3,0.1,0.0,0.0,21.6,2022,27,br BRA,América (MG),br Série A,29,1892,21.0,25,4,0,MFFW,bdb57777
373,Kaio Jorge,0.2,0.13,0.67,19.4,0.3,1.5,0.2,0.0,0.0,15.9,2020,18,br BRA,Santos,br Série A,28,1893,21.0,23,5,1,FW,0cf465f2
374,Yeferson Soteldo,0.2,0.06,0.15,41.9,0.6,1.5,0.1,0.1,0.1,19.3,2020,22,ve VEN,Santos,br Série A,24,1899,21.1,20,4,2,FWMF,bbb6c951
375,Élber,0.2,0.08,0.19,44.4,1.0,2.3,0.2,0.0,0.0,18.7,2020,27,br BRA,Bahia,br Série A,22,1427,15.9,17,5,0,FWMF,0df8c3bc
376,Thiago Borbas,0.2,0.11,0.22,47.4,0.8,1.8,0.2,0.0,0.0,14.9,2024,21,uy URU,Red Bull Bragantino,br Série A,21,956,10.6,9,12,1,FW,04f9c45f
377,Vitinho,0.2,0.05,0.20,25.6,0.9,3.7,0.2,0.0,0.0,20.6,2020,26,br BRA,Flamengo,br Série A,29,956,10.6,9,20,7,MFFW,a9e68c94
378,Arthur,0.2,0.11,0.57,18.4,0.3,1.8,0.2,0.0,0.0,18.6,2019,20,br BRA,Chapecoense,br Série A,30,1920,21.3,18,12,5,MFFW,184ad240
379,Thaciano,0.2,0.06,0.25,25.0,0.5,2.0,0.1,0.1,0.1,17.3,2023,27,br BRA,Bahia,br Série A,35,2887,32.1,35,0,1,MFFW,139113e4
380,Ricardo Oliveira,0.2,0.10,0.33,30.0,0.6,1.9,0.2,0.0,0.0,16.9,2020,39,br BRA,Coritiba,br Série A,18,964,10.7,10,8,3,FW,420c1246
381,Isidro Pitta,0.2,0.07,0.23,32.8,0.8,2.5,0.2,0.0,0.0,18.2,2022,22,py PAR,Juventude,br Série A,32,2413,26.8,27,5,1,FW,e9fc7295
382,Nathan,0.2,0.06,0.18,30.6,1.0,3.4,0.2,0.0,0.0,24.9,2022,25,br BRA,Fluminense,br Série A,24,967,10.7,8,16,9,MFFW,fa00f0c9
383,Franco Di Santo,0.2,0.07,0.22,31.0,0.6,1.8,0.1,0.1,0.1,15.7,2019,29,ar ARG,Atlético Mineiro,br Série A,21,1453,16.1,16,5,1,FW,549c6ba7
384,Yony González,0.2,0.06,0.17,32.7,1.1,3.3,0.2,0.0,0.0,15.4,2019,24,co COL,Fluminense,br Série A,34,2915,32.4,34,0,0,MFFW,c6c88c7d
385,Diego Tardelli,0.2,0.11,0.21,52.8,0.9,1.7,0.2,0.0,0.0,17.4,2019,33,br BRA,Grêmio,br Série A,29,1944,21.6,23,6,0,FW,98682f30
386,Janderson,0.2,0.08,0.33,25.0,0.6,2.2,0.2,0.0,0.0,17.6,2019,19,br BRA,Corinthians,br Série A,20,974,10.8,10,10,5,MFFW,06c5bcf7
387,Breno,0.2,0.13,0.50,25.0,0.4,1.5,0.2,0.0,0.0,17.5,2020,24,br BRA,Palmeiras,br Série A,18,975,10.8,9,9,0,FWMF,e0016d00
388,Reinaldo,0.2,0.09,0.50,18.2,0.2,1.4,0.1,0.1,0.1,22.0,2022,32,br BRA,São Paulo,br Série A,28,1463,16.3,18,10,4,DFFW,ab3edc87
389,Mayke,0.2,0.30,0.38,80.0,0.5,0.6,0.2,0.0,0.0,14.8,2022,29,br BRA,Palmeiras,br Série A,28,1466,16.3,15,13,5,DFFW,47431289
390,Everton Ribeiro,0.2,0.14,0.33,40.9,0.5,1.3,0.2,0.0,0.0,21.9,2023,33,br BRA,Flamengo,br Série A,30,1475,16.4,15,15,4,FWMF,68fb50a2
391,Rodriguinho Marinho,0.2,0.06,0.23,26.5,0.8,3.0,0.2,0.0,0.0,16.9,2022,33,br BRA,Cuiabá,br Série A,33,1481,16.5,16,17,3,FWMF,0e335a47
392,Matheusinho,0.2,0.10,0.23,42.3,0.8,1.9,0.2,0.0,0.0,21.2,2024,26,br BRA,Vitória,br Série A,33,2469,27.4,32,1,0,MFFW,91c2ee76
393,Ganso,0.2,0.10,0.40,25.0,0.2,0.7,0.1,0.1,0.1,24.4,2022,32,br BRA,Fluminense,br Série A,33,2477,27.5,33,0,1,MFFW,23593121
394,João Paulo Alves,0.2,0.07,0.33,22.0,0.4,1.9,0.1,0.0,0.0,22.4,2021,30,br BRA,Atl Goianiense,br Série A,26,1987,22.1,22,4,0,MFFW,888b3b6c
395,Fabrício,0.2,0.07,0.30,23.8,0.6,2.5,0.2,0.0,0.0,19.8,2022,24,br BRA,Coritiba,br Série A,28,1500,16.7,19,9,2,FWMF,0211a29e
396,Marcelinho,0.2,0.06,0.17,37.5,1.1,2.9,0.2,0.0,0.0,20.0,2024,21,br BRA,Juventude,br Série A,25,1002,11.1,9,16,5,FWMF,c158eb1d
397,Nenê,0.2,0.13,0.30,43.5,0.6,1.4,0.2,0.0,0.0,23.9,2024,42,br BRA,Juventude,br Série A,28,1506,16.7,19,9,5,MFFW,265ebd37
398,Eduardo Vargas,0.2,0.07,0.25,29.6,0.7,2.4,0.2,0.0,0.1,16.9,2020,30,cl CHI,Atlético Mineiro,br Série A,16,1007,11.2,12,4,0,FW,bd603c00
399,Wanderson,0.2,0.09,0.20,45.5,0.9,2.0,0.2,0.0,0.0,20.2,2024,29,br BRA,Internacional,br Série A,23,1015,11.3,10,13,3,FWMF,5da33b33
400,Ribamar,0.2,0.05,0.15,35.1,1.1,3.3,0.2,0.0,0.1,14.4,2021,23,br BRA,América (MG),br Série A,20,1022,11.4,11,9,10,FWMF,2d1494d9
401,Alesson,0.2,0.09,0.22,40.9,0.8,1.9,0.2,0.0,0.0,15.6,2022,22,br BRA,Cuiabá,br Série A,21,1024,11.4,11,10,5,MFFW,611e984e
402,Emiliano Rigoni,0.2,0.06,0.22,29.0,0.8,2.7,0.2,0.0,0.0,19.3,2021,27,ar ARG,São Paulo,br Série A,30,2060,22.9,24,6,0,FWMF,a1216563
403,Lincoln,0.2,0.08,0.29,26.9,0.4,1.5,0.1,0.1,0.1,24.2,2024,25,br BRA,Red Bull Bragantino,br Série A,28,1552,17.2,19,9,6,MFFW,27504df8
404,Luan,0.2,0.08,0.40,20.4,0.4,2.1,0.2,0.0,0.0,21.2,2019,28,br BRA,Atlético Mineiro,br Série A,28,2085,23.2,24,4,5,MFFW,22fc8906
405,Erick,0.2,0.03,0.10,32.3,0.9,2.7,0.1,0.1,0.1,20.0,2022,24,br BRA,Ceará,br Série A,24,1051,11.7,10,14,8,FWMF,8edcad0d
406,Carlos de Pena,0.2,0.05,0.18,28.3,0.6,2.1,0.1,0.1,0.1,26.1,2022,29,uy URU,Internacional,br Série A,34,2634,29.3,30,4,0,MFFW,6b915aa1
407,Luiz Henrique,0.2,0.08,0.40,19.2,0.4,2.2,0.2,0.0,0.0,17.1,2022,21,br BRA,Fluminense,br Série A,14,1054,11.7,12,2,0,FWMF,8059806f
408,Henry Mosquera,0.2,0.07,0.29,25.0,0.6,2.4,0.2,0.0,0.0,20.6,2023,21,co COL,Red Bull Bragantino,br Série A,21,1061,11.8,10,11,1,FWMF,be206004
409,Rafael Sóbis,0.2,0.02,0.06,34.8,1.4,3.9,0.1,0.1,0.1,25.7,2019,33,br BRA,Internacional,br Série A,20,1062,11.8,12,8,8,FWMF,aed1e36b
410,Victor Sá,0.2,0.09,0.20,42.6,0.8,2.0,0.2,0.0,0.0,18.5,2023,28,br BRA,Botafogo (RJ),br Série A,33,2127,23.6,27,6,0,FW,1a1033a1
411,Talles Magno,0.2,0.07,0.25,27.6,0.7,2.5,0.2,0.0,0.0,17.5,2019,16,br BRA,Vasco da Gama,br Série A,15,1065,11.8,12,3,1,FWMF,64c98878
412,Matheus Martins,0.2,0.06,0.25,25.0,0.7,2.7,0.2,0.0,0.0,17.9,2022,18,br BRA,Fluminense,br Série A,30,1604,17.8,17,13,1,FWMF,73fd2787
413,Bruno Tabata,0.2,0.08,0.18,45.8,0.9,2.0,0.2,0.0,0.1,23.8,2024,26,br BRA,Internacional,br Série A,17,1071,11.9,14,3,0,FWMF,33fdf90d
414,Isaque,0.2,0.06,0.20,29.4,0.8,2.9,0.2,0.0,0.0,14.9,2020,22,br BRA,Grêmio,br Série A,24,1072,11.9,11,13,9,MFFW,c3d8820e
415,Osvaldo,0.2,0.05,0.10,52.6,0.8,1.6,0.1,0.1,0.1,22.9,2024,36,br BRA,Vitória,br Série A,19,1072,11.9,17,2,3,MFFW,deb6b945
416,Nenê,0.2,0.05,0.25,20.5,0.4,2.2,0.1,0.1,0.1,22.2,2019,37,br BRA,Fluminense,br Série A,25,1615,17.9,19,6,1,MFFW,265ebd37
417,Marcos Guilherme,0.2,0.15,0.33,44.1,0.5,1.1,0.2,0.0,0.0,16.4,2021,25,br BRA,Santos,br Série A,35,2694,29.9,32,3,1,FWMF,d5ff6084
418,Luan Vieira,0.2,0.08,0.22,36.0,0.7,2.0,0.2,0.0,0.0,20.7,2020,26,br BRA,Corinthians,br Série A,22,1103,12.3,11,11,10,MFFW,c4f6bf06
419,Luiz Fernando,0.2,0.09,0.22,39.1,0.7,1.9,0.2,0.0,0.0,16.7,2020,23,br BRA,2 Teams,br Série A,25,1106,12.3,11,14,3,FWMF,824ed016
420,Leandro Barcia,0.2,0.12,0.28,41.9,0.6,1.4,0.2,0.0,0.0,13.5,2019,26,uy URU,Goiás,br Série A,35,2783,30.9,32,3,1,FWMF,11d91ea7
421,Gustavo Ferrareis,0.2,0.09,0.30,29.4,0.5,1.8,0.2,0.0,0.0,19.6,2020,24,br BRA,Atl Goianiense,br Série A,26,1689,18.8,24,2,0,FW,5188561c
422,Pablo,0.2,0.07,0.23,30.2,0.7,2.3,0.2,0.0,0.0,18.5,2024,31,br BRA,Ath Paranaense,br Série A,29,1703,18.9,20,9,1,FWMF,1ad394c5
423,Felipe Azevedo,0.2,0.06,0.20,30.8,0.8,2.6,0.2,0.0,0.0,19.0,2022,35,br BRA,América (MG),br Série A,36,2274,25.3,30,6,1,MFFW,4a22b15a
424,Bruno Zapelli,0.2,0.06,0.40,15.6,0.4,2.5,0.2,0.0,0.0,21.6,2023,20,ar ARG,Ath Paranaense,br Série A,21,1143,12.7,13,8,1,MFFW,a70af595
425,Lelê,0.2,0.05,0.13,37.2,1.3,3.4,0.2,0.0,0.0,12.9,2023,25,br BRA,Fluminense,br Série A,29,1144,12.7,8,21,7,FWMF,467aed9b
426,Ricardo Oliveira,0.2,0.06,0.18,32.4,0.9,2.6,0.2,0.0,0.1,14.8,2019,38,br BRA,Atlético Mineiro,br Série A,21,1157,12.9,15,6,12,FW,420c1246
427,Silvio Romero,0.2,0.06,0.18,34.4,0.9,2.5,0.2,0.0,0.1,15.0,2022,33,ar ARG,Fortaleza,br Série A,30,1158,12.9,13,17,7,FW,6a00c4b0
428,Zé Roberto,0.2,0.08,0.23,35.1,0.7,1.9,0.2,0.0,0.0,14.4,2020,26,br BRA,Atl Goianiense,br Série A,25,1739,19.3,22,3,0,FW,810033a1
429,Paulinho Moccelin,0.2,0.13,0.43,29.2,0.4,1.2,0.2,0.0,0.0,21.4,2021,26,br BRA,Sport Recife,br Série A,34,1741,19.3,17,17,0,FWMF,d63fb6a8
430,Kaio Jorge,0.2,0.05,0.13,39.5,1.2,2.9,0.2,0.0,0.1,14.6,2024,22,br BRA,Cruzeiro,br Série A,16,1163,12.9,13,3,1,FW,0cf465f2
431,Edinho,0.2,0.09,0.23,38.2,0.7,1.8,0.2,0.0,0.0,25.7,2019,24,br BRA,Fortaleza,br Série A,29,1748,19.4,20,9,3,FWMF,a8cedcd9
432,Alecsandro,0.2,0.09,0.25,34.8,0.6,1.8,0.2,0.0,0.1,11.6,2019,37,br BRA,CSA,br Série A,20,1167,13.0,15,5,4,FW,266bd6fb
433,Rafael Galhardo,0.2,0.08,0.33,25.0,0.2,0.9,0.1,0.1,0.1,29.3,2019,27,br BRA,Grêmio,br Série A,16,1173,13.0,15,1,14,DFFW,0855274e
434,Gabriel Pirani,0.2,0.07,0.21,33.3,0.7,2.1,0.2,0.0,0.0,22.1,2021,18,br BRA,Santos,br Série A,32,1783,19.8,21,11,2,MFFW,17205abf
435,Antony,0.2,0.06,0.15,40.0,1.0,2.5,0.2,0.0,0.0,21.6,2019,18,br BRA,São Paulo,br Série A,29,2379,26.4,27,2,0,MFFW,99127249
436,Gustavo Mosquito,0.1,0.06,0.50,11.8,0.1,1.3,0.1,0.1,0.1,17.0,2024,26,br BRA,2 Teams,br Série A,23,1200,13.3,14,9,3,FWMF,c9ed46c4
437,Douglas Costa,0.1,0.07,0.20,34.9,0.7,2.1,0.1,0.0,0.0,23.4,2021,30,br BRA,Grêmio,br Série A,26,1805,20.1,20,6,0,FWMF,4fa7cb9b
438,Wellington Rato,0.1,0.06,0.15,36.1,1.0,2.7,0.1,0.0,0.0,22.5,2020,27,br BRA,Atl Goianiense,br Série A,19,1205,13.4,13,6,5,FWMF,598917cf
439,Matheus Henrique,0.1,0.10,0.33,30.0,0.4,1.5,0.1,0.0,0.0,22.1,2024,26,br BRA,Cruzeiro,br Série A,17,1219,13.5,13,4,0,MFFW,a2d9f138
440,Luiz Henrique,0.1,0.09,0.40,22.7,0.4,1.6,0.1,0.0,0.0,19.8,2020,19,br BRA,Fluminense,br Série A,26,1221,13.6,13,13,3,FW,8059806f
441,Arthur,0.1,0.05,0.08,68.4,1.0,1.4,0.1,0.1,0.1,19.2,2020,21,br BRA,Santos,br Série A,22,1222,13.6,16,6,13,MFFW,184ad240
442,Adson,0.1,0.08,0.20,40.0,0.7,1.8,0.1,0.0,0.0,20.0,2024,23,br BRA,Vasco da Gama,br Série A,20,1224,13.6,14,6,1,FW,eda38706
443,André Luis,0.1,0.09,0.33,28.1,0.4,1.6,0.1,0.0,0.0,19.5,2022,24,br BRA,Cuiabá,br Série A,33,1838,20.4,22,11,1,FWMF,821097f7
444,Alan Patrick,0.1,0.06,0.25,25.5,0.4,1.7,0.1,0.0,0.0,23.3,2023,31,br BRA,Internacional,br Série A,34,2452,27.2,28,6,1,MFFW,00672021
445,Marinho,0.1,0.05,0.15,31.7,1.0,3.0,0.1,0.0,0.1,23.3,2023,32,br BRA,2 Teams,br Série A,25,1227,13.6,15,10,3,FWDF,c077c735
446,Vinícius,0.1,0.06,0.13,41.7,1.1,2.6,0.1,0.0,0.0,23.6,2019,27,br BRA,Atlético Mineiro,br Série A,24,1236,13.7,13,11,11,MFFW,ee01c84d
447,Élber,0.1,0.11,0.20,55.6,0.7,1.3,0.1,0.0,0.0,19.2,2019,26,br BRA,Bahia,br Série A,31,1855,20.6,24,7,0,FWMF,0df8c3bc
448,Alisson,0.1,0.05,0.16,33.9,0.9,2.7,0.1,0.0,0.0,20.5,2021,27,br BRA,Grêmio,br Série A,29,1875,20.8,22,7,3,FWMF,99139fa4
449,Fellipe Mateus,0.1,0.09,0.18,48.6,0.8,1.7,0.1,0.0,0.0,20.0,2024,32,br BRA,Criciúma,br Série A,31,1887,21.0,20,11,0,MFFW,0750fb06
450,Felipe Marques,0.1,0.10,0.22,42.9,0.6,1.5,0.1,0.0,0.0,17.7,2021,31,br BRA,Cuiabá,br Série A,30,1270,14.1,11,19,2,MFFW,30139a1c
451,Cauly Oliveira Souza,0.1,0.06,0.22,27.7,0.6,2.3,0.1,0.0,0.0,19.9,2023,27,br BRA,Bahia,br Série A,32,2543,28.3,30,2,0,MFFW,2b53f7a5
452,Bruno Henrique,0.1,0.08,0.23,34.2,0.6,1.8,0.1,0.0,0.0,19.5,2024,34,br BRA,Internacional,br Série A,37,1908,21.2,21,16,0,MFFW,5a43b021
453,Arthur,0.1,0.07,0.15,43.3,0.9,2.1,0.1,0.0,0.0,19.3,2024,25,br BRA,Cruzeiro,br Série A,21,1273,14.1,14,7,0,FW,184ad240
454,Yago Pikachu,0.1,0.00,0.00,19.0,0.2,1.2,0.0,0.1,0.2,22.8,2019,26,br BRA,Vasco da Gama,br Série A,36,3186,35.4,36,0,0,DFFW,462f1e13
455,Vitinho,0.1,0.06,0.20,30.6,0.7,2.3,0.1,0.0,0.0,19.2,2024,24,br BRA,Red Bull Bragantino,br Série A,33,1915,21.3,21,12,3,FWMF,06d4b2e4
456,Felippe Cardoso,0.1,0.06,0.20,32.3,0.7,2.2,0.1,0.0,0.0,18.3,2019,20,br BRA,Ceará,br Série A,18,1285,14.3,14,4,10,FW,7a2bbdf3
457,Lima,0.1,0.03,0.11,23.7,0.4,1.8,0.0,0.1,0.1,20.7,2022,25,br BRA,Ceará,br Série A,31,1933,21.5,23,8,1,FWMF,d215c7de
458,Cristian Pavón,0.1,0.04,0.12,32.1,0.8,2.5,0.1,0.0,0.0,20.5,2023,27,ar ARG,Atlético Mineiro,br Série A,33,1934,21.5,21,12,2,FWMF,a664b026
459,Romarinho,0.1,0.08,0.27,30.6,0.5,1.7,0.1,0.0,0.0,20.4,2020,25,br BRA,Fortaleza,br Série A,34,2579,28.7,31,3,0,FWMF,1e7d2cc0
460,Apodi,0.1,0.10,0.25,40.0,0.6,1.4,0.1,0.0,0.0,23.3,2019,32,br BRA,CSA,br Série A,32,2606,29.0,31,1,1,DFFW,affbe6bc
461,Felipe Anderson,0.1,0.08,0.29,29.2,0.5,1.6,0.1,0.0,0.0,17.3,2024,30,br BRA,Palmeiras,br Série A,20,1310,14.6,16,4,1,FW,9f1893b9
462,William Pottker,0.1,0.05,0.14,35.0,0.6,1.8,0.1,0.0,0.1,20.3,2022,28,br BRA,Avaí,br Série A,27,1967,21.9,23,4,0,FWMF,214a16c5
463,Marrony,0.1,0.06,0.17,32.4,0.8,2.4,0.1,0.0,0.0,14.1,2019,19,br BRA,Vasco da Gama,br Série A,34,2632,29.2,30,4,0,FWMF,1dff86ec
464,Tomás Cuello,0.1,0.06,0.17,34.0,0.8,2.4,0.1,0.0,0.0,24.8,2021,20,ar ARG,Red Bull Bragantino,br Série A,30,1982,22.0,23,7,4,FWMF,5c8615dd
465,Thaciano,0.1,0.09,0.20,45.5,0.7,1.5,0.1,0.0,0.0,18.3,2019,23,br BRA,Grêmio,br Série A,22,1323,14.7,13,9,6,MFFW,139113e4
466,Gabriel Pereira,0.1,0.09,0.18,47.8,0.7,1.6,0.1,0.0,0.0,19.0,2021,19,br BRA,Corinthians,br Série A,21,1326,14.7,17,4,6,FWMF,60c4ac82
467,Vitor Bueno,0.1,0.05,0.13,38.5,1.0,2.6,0.1,0.0,0.0,18.7,2020,25,br BRA,São Paulo,br Série A,31,1330,14.8,11,20,4,FWMF,5752f96d
468,Nikão,0.1,0.04,0.13,31.3,0.7,2.2,0.1,0.0,0.0,22.7,2021,28,br BRA,Ath Paranaense,br Série A,27,1997,22.2,21,6,1,FWMF,a34bb194
469,Cauly Oliveira Souza,0.1,0.09,0.29,29.8,0.5,1.6,0.1,0.0,0.0,19.0,2024,28,br BRA,Bahia,br Série A,38,2676,29.7,34,4,0,MFFW,2b53f7a5
470,Tomás Cuello,0.1,0.05,0.14,35.5,1.0,2.8,0.1,0.0,0.0,23.1,2024,23,ar ARG,Ath Paranaense,br Série A,32,2010,22.3,23,9,0,FWMF,5c8615dd
471,Marcos Vinicios Sorriso,0.1,0.09,0.22,39.1,0.6,1.5,0.1,0.0,0.0,17.3,2022,20,br BRA,Red Bull Bragantino,br Série A,31,1351,15.0,15,16,6,FW,e816a8ee
472,Igor Gomes,0.1,0.08,0.25,33.3,0.5,1.6,0.1,0.0,0.0,19.5,2019,19,br BRA,São Paulo,br Série A,27,1356,15.1,11,16,9,MFFW,6a7fb945
473,André,0.1,0.04,0.25,14.8,0.3,1.8,0.1,0.1,0.1,18.3,2021,30,br BRA,Sport Recife,br Série A,20,1363,15.1,14,6,0,FW,13b52dec
474,Igor Gomes,0.1,0.11,0.40,26.3,0.3,1.2,0.1,0.0,0.0,20.8,2023,23,br BRA,Atlético Mineiro,br Série A,29,1374,15.3,17,12,8,MFFW,6a7fb945
475,Matheusinho,0.1,0.07,0.20,37.0,0.7,1.8,0.1,0.0,0.0,19.6,2022,23,br BRA,América (MG),br Série A,28,1375,15.3,13,15,0,MFFW,74f5a96d
476,André Luis,0.1,0.09,0.20,43.5,0.7,1.5,0.1,0.0,0.0,21.2,2019,21,br BRA,Fortaleza,br Série A,24,1382,15.4,17,7,6,FWMF,821097f7
477,Valdívia,0.1,0.05,0.17,29.3,0.8,2.7,0.1,0.0,0.0,21.0,2022,27,br BRA,Cuiabá,br Série A,27,1384,15.4,17,10,1,MFFW,e12be458
478,Janderson,0.1,0.08,0.27,27.5,0.5,1.7,0.1,0.0,0.0,18.6,2020,20,br BRA,2 Teams,br Série A,33,2081,23.1,24,9,0,FW,06c5bcf7
479,Marquinhos,0.1,0.13,0.60,20.8,0.2,1.0,0.1,0.0,0.0,19.4,2020,23,br BRA,Sport Recife,br Série A,32,2109,23.4,29,3,0,FWMF,a9c95220
480,Agustín Canobbio,0.1,0.08,0.29,29.2,0.4,1.5,0.1,0.0,0.0,20.9,2022,23,uy URU,Ath Paranaense,br Série A,25,1408,15.6,18,7,2,FW,4f5a2f38
481,Agustín Canobbio,0.1,0.04,0.10,43.3,1.2,2.8,0.1,0.0,0.0,20.1,2023,24,uy URU,Ath Paranaense,br Série A,29,2116,23.5,22,7,1,FWMF,4f5a2f38
482,Lima,0.1,0.05,0.16,33.3,0.8,2.4,0.1,0.0,0.0,21.3,2021,24,br BRA,Ceará,br Série A,33,2116,23.5,26,7,3,FW,d215c7de
483,Everton Soares,0.1,0.05,0.14,31.8,0.9,2.8,0.1,0.0,0.0,17.5,2022,25,br BRA,Flamengo,br Série A,20,1416,15.7,15,5,0,FWMF,b1cbc666
484,Ferreira,0.1,0.04,0.12,32.1,1.1,3.4,0.1,0.0,0.0,20.1,2021,23,br BRA,Grêmio,br Série A,29,2134,23.7,24,5,0,FWMF,1414e902
485,Carlos de Pena,0.1,0.06,0.22,29.0,0.6,2.0,0.1,0.0,0.0,23.6,2023,30,uy URU,Internacional,br Série A,27,1425,15.8,16,11,5,MFFW,6b915aa1
486,Vitinho,0.1,0.05,0.13,40.5,0.9,2.3,0.1,0.0,0.0,16.5,2022,22,br BRA,Ath Paranaense,br Série A,25,1427,15.9,17,8,0,FW,06d4b2e4
487,Nikão,0.1,0.08,0.20,39.5,0.6,1.6,0.1,0.0,0.0,22.6,2020,27,br BRA,Ath Paranaense,br Série A,26,2148,23.9,25,1,0,FWMF,a34bb194
488,Wesley,0.1,0.07,0.15,43.3,0.8,1.9,0.1,0.0,0.0,20.1,2024,18,br BRA,Corinthians,br Série A,23,1438,16.0,17,6,0,FW,acf5672b
489,Pablo,0.1,0.05,0.20,24.4,0.6,2.6,0.1,0.0,0.0,14.1,2020,27,br BRA,São Paulo,br Série A,30,1439,16.0,14,16,2,FWMF,1ad394c5
490,Pedro Rocha Neves,0.1,0.05,0.13,39.5,0.9,2.3,0.1,0.0,0.0,19.9,2019,24,br BRA,Cruzeiro,br Série A,23,1468,16.3,17,6,1,FWMF,b33e0095
491,Calebe,0.1,0.05,0.13,38.5,0.9,2.4,0.1,0.0,0.0,21.0,2023,22,br BRA,Fortaleza,br Série A,29,1479,16.4,16,13,1,MFFW,c84af55e
492,Dudu,0.1,0.06,0.14,42.4,0.9,2.0,0.1,0.0,0.0,18.1,2021,29,br BRA,Palmeiras,br Série A,21,1482,16.5,17,4,1,FWMF,895ef5ec
493,Álvaro Barreal,0.1,0.05,0.18,28.9,0.7,2.3,0.1,0.0,0.0,22.1,2024,23,ar ARG,Cruzeiro,br Série A,28,1488,16.5,17,11,2,MFFW,ffca53e1
494,Ademir Santos,0.1,0.05,0.15,33.3,0.8,2.4,0.1,0.0,0.0,17.1,2022,26,br BRA,Atlético Mineiro,br Série A,35,1492,16.6,15,20,2,FWMF,4b7d58c2
495,Romarinho,0.1,0.08,0.23,32.5,0.5,1.6,0.1,0.0,0.0,22.2,2019,24,br BRA,Fortaleza,br Série A,32,2281,25.3,29,3,3,MFFW,1e7d2cc0
496,Rómulo Otero,0.1,0.04,0.11,41.3,1.1,2.7,0.1,0.0,0.0,27.2,2020,27,ve VEN,Corinthians,br Série A,24,1527,17.0,18,6,1,FWMF,96fdc3c0
497,Janderson,0.1,0.07,0.25,26.7,0.5,1.8,0.1,0.0,0.0,20.4,2021,21,br BRA,Atl Goianiense,br Série A,34,2308,25.6,25,9,0,FWMF,06c5bcf7
498,Talles Magno,0.1,0.09,0.27,31.4,0.4,1.4,0.1,0.0,0.0,18.1,2020,17,br BRA,Vasco da Gama,br Série A,34,2311,25.7,30,4,0,FWMF,64c98878
499,Bruno Henrique,0.1,0.05,0.13,42.1,0.9,2.2,0.1,0.0,0.0,16.3,2023,32,br BRA,Flamengo,br Série A,29,1543,17.1,14,15,1,FWMF,5edff24f
500,Igor Gomes,0.1,0.08,0.21,37.8,0.5,1.4,0.1,0.0,0.0,19.7,2020,20,br BRA,São Paulo,br Série A,37,2391,26.6,29,8,0,MFFW,6a7fb945
501,Gustavo Campanharo,0.1,0.08,0.33,23.1,0.3,1.5,0.1,0.0,0.0,24.7,2019,26,br BRA,Chapecoense,br Série A,25,1599,17.8,20,5,7,MFFW,96f2d977
502,Vinícius,0.1,0.04,0.14,32.4,0.8,2.6,0.1,0.0,0.0,21.9,2022,30,br BRA,Ceará,br Série A,31,2399,26.7,28,3,0,FWMF,ee01c84d
503,Jeffinho,0.1,0.04,0.10,38.2,1.2,3.1,0.1,0.0,0.0,20.0,2022,22,br BRA,Botafogo (RJ),br Série A,24,1604,17.8,18,6,2,FW,45cce300
504,Keno,0.1,0.02,0.06,42.9,1.0,2.3,0.1,0.1,0.1,20.7,2023,33,br BRA,Fluminense,br Série A,24,1613,17.9,18,6,1,FWMF,98558c11
505,Tomás Cuello,0.1,0.04,0.18,22.0,0.6,2.8,0.1,0.0,0.0,24.1,2022,21,ar ARG,Ath Paranaense,br Série A,31,1616,18.0,19,12,2,FW,5c8615dd
506,Yago Pikachu,0.1,0.06,0.29,20.0,0.4,1.9,0.1,0.0,0.0,17.9,2024,31,br BRA,Fortaleza,br Série A,32,1633,18.1,18,14,3,FWMF,462f1e13
507,Giuliano de Paula,0.1,0.09,0.29,30.4,0.4,1.3,0.1,0.0,0.0,19.3,2023,32,br BRA,Corinthians,br Série A,30,1633,18.1,19,11,6,MFFW,ab1b205d
508,Gustavo,0.1,0.04,0.13,31.9,0.8,2.6,0.1,0.0,0.0,22.7,2021,18,br BRA,Sport Recife,br Série A,27,1636,18.2,21,6,6,MFFW,226c2775
509,Gerson,0.1,0.08,0.23,33.3,0.5,1.4,0.1,0.0,0.0,19.5,2024,26,br BRA,Flamengo,br Série A,32,2457,27.3,27,5,0,MFFW,8827bf46
510,Patrick,0.1,0.08,0.27,28.2,0.4,1.4,0.1,0.0,0.0,13.0,2021,28,br BRA,Internacional,br Série A,34,2485,27.6,32,2,0,FWMF,92add14e
511,Rossi,0.1,0.07,0.15,44.8,0.7,1.5,0.1,0.0,0.0,17.7,2021,27,br BRA,Bahia,br Série A,24,1691,18.8,20,4,0,FWMF,80274d82
512,Rafael Gava,0.1,0.06,0.22,25.0,0.5,1.9,0.1,0.0,0.0,21.1,2021,27,br BRA,Cuiabá,br Série A,31,1704,18.9,20,11,3,MFFW,713e1a36
513,Martín Benítez,0.1,0.07,0.20,35.7,0.5,1.5,0.1,0.0,0.0,25.4,2020,25,ar ARG,Vasco da Gama,br Série A,24,1722,19.1,21,3,0,MFFW,c122e34e
514,Everton Ribeiro,0.1,0.10,0.25,40.0,0.4,1.0,0.1,0.0,0.0,18.8,2021,31,br BRA,Flamengo,br Série A,22,1723,19.1,22,0,0,FWMF,68fb50a2
515,Airton,0.1,0.06,0.15,36.1,0.7,1.9,0.1,0.0,0.0,17.2,2022,22,br BRA,Atl Goianiense,br Série A,33,1738,19.3,22,11,2,FW,751ef075
516,Patrick,0.1,0.08,0.50,15.4,0.2,1.3,0.1,0.0,0.0,14.6,2019,26,br BRA,Internacional,br Série A,24,1740,19.3,20,4,2,MFFW,92add14e
517,Luiz Fernando,0.1,0.04,0.13,30.0,0.8,2.6,0.1,0.0,0.0,15.9,2022,25,br BRA,Atl Goianiense,br Série A,29,1742,19.4,23,6,1,FWMF,824ed016
518,Michel Araujo,0.1,0.06,0.18,30.6,0.6,1.8,0.1,0.0,0.0,18.8,2023,26,uy URU,São Paulo,br Série A,32,1768,19.6,19,13,1,FWMF,1159e4ae
519,Everton Ribeiro,0.1,0.08,0.15,54.2,0.7,1.2,0.1,0.0,0.0,17.8,2022,32,br BRA,Flamengo,br Série A,30,1787,19.9,19,11,1,MFFW,68fb50a2
520,Yago,0.1,0.09,0.25,34.8,0.4,1.2,0.1,0.0,0.0,22.9,2020,24,br BRA,Fluminense,br Série A,28,1789,19.9,20,8,3,MFFW,e2add0e7
521,Caio Paulista,0.1,0.06,0.29,20.6,0.3,1.7,0.1,0.0,0.0,16.8,2021,22,br BRA,Fluminense,br Série A,27,1810,20.1,24,3,1,FW,701bb051
522,Jhon Arias,0.1,0.07,0.33,21.4,0.3,1.4,0.1,0.0,0.0,18.6,2021,23,co COL,Fluminense,br Série A,19,905,10.1,9,10,1,FWMF,86d96066
523,Apodi,0.1,0.06,0.25,23.5,0.4,1.7,0.1,0.0,0.0,17.3,2022,35,br BRA,Goiás,br Série A,18,908,10.1,10,8,5,MFFW,affbe6bc
524,Victor Sá,0.1,0.11,0.33,33.3,0.3,0.9,0.1,0.0,0.0,17.1,2022,27,br BRA,Botafogo (RJ),br Série A,27,1832,20.4,21,6,0,FW,1a1033a1
525,Eros Mancuso,0.1,0.06,0.17,35.3,0.6,1.7,0.1,0.0,0.0,24.2,2024,24,ar ARG,Fortaleza,br Série A,12,923,10.3,11,1,2,DFFW,e2d40bc5
526,Wellington Silva,0.1,0.05,0.14,35.0,0.7,1.9,0.1,0.0,0.0,20.1,2019,26,br BRA,Internacional,br Série A,21,925,10.3,8,13,10,FWMF,5c60f49c
527,Miguel Figueira,0.1,0.06,0.20,27.8,0.5,1.7,0.1,0.0,0.0,26.3,2020,19,br BRA,Goiás,br Série A,23,933,10.4,11,12,4,MFFW,99362ebe
528,Federico Zaracho,0.1,0.05,0.22,21.4,0.4,2.0,0.1,0.0,0.0,14.9,2022,23,ar ARG,Atlético Mineiro,br Série A,26,1884,20.9,24,2,0,MFFW,803d5265
529,Alisson,0.1,0.06,0.17,35.3,0.6,1.6,0.1,0.0,0.0,18.8,2022,28,br BRA,São Paulo,br Série A,15,943,10.5,10,5,2,MFFW,99139fa4
530,Caio Vidal,0.1,0.05,0.14,31.8,0.7,2.1,0.1,0.0,0.0,20.1,2021,20,br BRA,Internacional,br Série A,20,944,10.5,11,9,14,FWMF,599ab970
531,Leonardo Valencia,0.1,0.04,0.17,22.2,0.6,2.6,0.1,0.0,0.0,25.2,2019,27,cl CHI,Botafogo (RJ),br Série A,21,949,10.5,9,12,13,MFFW,e333f531
532,Gustavinho,0.1,0.07,0.20,35.7,0.5,1.3,0.1,0.0,0.0,24.4,2024,19,br BRA,Red Bull Bragantino,br Série A,27,954,10.6,11,16,9,MFFW,9525ddcd
533,Lautaro Díaz,0.1,0.06,0.14,38.9,0.7,1.7,0.1,0.0,0.0,14.9,2024,25,ar ARG,Cruzeiro,br Série A,18,959,10.7,11,7,0,FW,28b89ba7
534,Alisson,0.1,0.04,0.09,41.1,1.1,2.6,0.1,0.0,0.0,16.3,2020,26,br BRA,Grêmio,br Série A,24,1943,21.6,24,0,0,FW,99139fa4
535,Federico Zaracho,0.1,0.10,0.50,19.0,0.2,1.0,0.1,0.0,0.0,16.6,2023,24,ar ARG,Atlético Mineiro,br Série A,27,1947,21.6,22,5,0,MFFW,803d5265
536,Vinícius,0.1,0.05,0.20,24.4,0.5,1.9,0.1,0.0,0.0,19.9,2022,28,br BRA,Goiás,br Série A,25,1949,21.7,22,3,0,MFFW,b6bd2b80
537,Jonathan David Gómez,0.1,0.05,0.33,14.3,0.3,1.9,0.1,0.0,0.0,22.9,2020,30,ar ARG,Sport Recife,br Série A,24,983,10.9,12,12,3,MFFW,c911d311
538,Mateus Vital,0.1,0.04,0.15,26.0,0.6,2.3,0.1,0.0,0.0,22.3,2019,20,br BRA,Corinthians,br Série A,31,1967,21.9,21,10,5,MFFW,db9c8fa4
539,Biel,0.1,0.06,0.33,17.6,0.3,1.5,0.1,0.0,0.0,20.5,2021,19,br BRA,Fluminense,br Série A,15,993,11.0,11,4,1,FWMF,1cb046cd
540,Tomas Pochettino,0.1,0.04,0.10,39.2,0.9,2.3,0.1,0.0,0.0,22.3,2023,26,ar ARG,Fortaleza,br Série A,35,1991,22.1,26,9,3,MFFW,fb36aa6b
541,Vinícius Araújo,0.1,0.05,0.08,61.9,1.2,1.9,0.1,0.0,0.0,16.1,2019,25,br BRA,2 Teams,br Série A,15,1001,11.1,10,5,2,FW,5d6b9376
542,Carlos Eduardo,0.1,0.06,0.25,25.0,0.4,1.4,0.1,0.0,0.0,20.9,2021,24,br BRA,Ath Paranaense,br Série A,22,1006,11.2,11,11,12,FWMF,27c23008
543,Leandro Emmanuel Martínez,0.1,0.10,0.50,20.0,0.2,0.9,0.1,0.0,0.0,18.7,2024,29,ar ARG,Fortaleza,br Série A,20,1011,11.2,11,9,7,MFFW,74758396
544,Kelvyn,0.1,0.08,0.17,46.2,0.5,1.2,0.1,0.0,0.0,18.0,2021,21,br BRA,Ceará,br Série A,22,1013,11.3,10,12,16,DFFW,8b992778
545,Matheus Pereira,0.1,0.05,0.13,42.1,0.7,1.7,0.1,0.0,0.0,21.6,2023,26,br BRA,Cruzeiro,br Série A,15,1022,11.4,12,3,0,FWMF,b04ee927
546,Vitinho,0.1,0.03,0.10,29.9,0.9,2.9,0.1,0.0,0.0,18.9,2023,23,br BRA,Red Bull Bragantino,br Série A,33,2049,22.8,23,10,0,FWMF,06d4b2e4
547,Lucas Braga,0.1,0.13,0.33,40.0,0.3,0.7,0.1,0.0,0.0,14.4,2020,23,br BRA,Santos,br Série A,30,2064,22.9,24,6,2,FWMF,8a0a73ad
548,Gustavo Mosquito,0.1,0.07,0.25,27.6,0.3,1.3,0.1,0.0,0.0,14.2,2021,23,br BRA,Corinthians,br Série A,37,2066,23.0,21,16,0,FWMF,c9ed46c4
549,Lucas Fernandes,0.1,0.06,0.11,50.0,0.8,1.6,0.1,0.0,0.0,27.1,2024,26,br BRA,Cuiabá,br Série A,21,1039,11.5,11,10,5,MFFW,a109d777
550,Wellington Rato,0.1,0.05,0.17,27.3,0.5,1.9,0.1,0.0,0.0,17.0,2024,31,br BRA,São Paulo,br Série A,25,1052,11.7,10,15,2,FWMF,598917cf
551,Max,0.1,0.03,0.17,19.4,0.5,2.6,0.1,0.0,0.0,25.3,2021,19,br BRA,2 Teams,br Série A,21,1053,11.7,13,8,5,MFFW,67c3efa4
552,Éverton,0.1,0.13,0.25,50.0,0.3,0.7,0.1,0.0,0.0,18.4,2019,30,br BRA,São Paulo,br Série A,16,1060,11.8,12,4,1,FWMF,f50a3570
553,Lima,0.1,0.04,0.08,50.0,1.1,2.2,0.1,0.0,0.0,19.9,2019,22,br BRA,Ceará,br Série A,15,1063,11.8,14,1,6,FWMF,d215c7de
554,Gabriel Menino,0.1,0.03,0.14,24.1,0.6,2.4,0.1,0.0,0.0,23.2,2024,23,br BRA,Palmeiras,br Série A,27,1067,11.9,11,16,4,MFFW,01819e70
555,Mauro Zárate,0.1,0.03,0.17,20.0,0.5,2.5,0.1,0.0,0.0,24.5,2021,33,ar ARG,América (MG),br Série A,16,1070,11.9,14,2,0,FWMF,cc18ff4c
556,Júnior Santos,0.1,0.04,0.14,28.0,0.6,2.1,0.1,0.0,0.0,16.4,2022,27,br BRA,Botafogo (RJ),br Série A,15,1071,11.9,14,1,1,FWMF,9109e933
557,Alejo Cruz,0.1,0.03,0.17,18.2,0.3,1.4,0.0,0.0,0.0,24.0,2024,23,uy URU,Atl Goianiense,br Série A,36,2156,24.0,22,14,1,FWMF,010cf7a3
558,Shaylon,0.1,0.02,0.08,24.5,0.5,2.0,0.0,0.0,0.1,23.1,2024,26,br BRA,Atl Goianiense,br Série A,35,2167,24.1,25,10,2,FWMF,69c11ef0
559,Cristian Pavón,0.1,0.03,0.09,32.4,0.9,2.8,0.1,0.0,0.0,19.7,2024,28,ar ARG,Grêmio,br Série A,21,1087,12.1,16,5,2,FWMF,a664b026
560,Salomon Kalou,0.1,0.04,0.13,29.6,0.7,2.2,0.1,0.0,0.0,13.5,2020,34,ci CIV,Botafogo (RJ),br Série A,25,1097,12.2,11,14,3,FWMF,2042d931
561,Rossi,0.1,0.02,0.06,37.5,0.7,1.9,0.0,0.0,0.1,19.0,2019,25,br BRA,Vasco da Gama,br Série A,29,2234,24.8,26,3,0,FWMF,80274d82
562,Ganso,0.1,0.02,0.08,31.7,0.5,1.6,0.0,0.0,0.0,22.5,2019,29,br BRA,Fluminense,br Série A,28,2244,24.9,26,2,0,MFFW,23593121
563,José Luis Rodríguez Bebanz,0.1,0.05,0.25,18.2,0.3,1.8,0.1,0.0,0.0,23.0,2024,26,uy URU,Vasco da Gama,br Série A,22,1123,12.5,12,10,13,DFFW,6f1a7f76
564,Alex Teixeira,0.1,0.04,0.14,29.2,0.6,1.9,0.1,0.0,0.0,15.2,2023,33,br BRA,Vasco da Gama,br Série A,22,1131,12.6,13,9,16,FWMF,ae530c73
565,Leo Augusto Pereira,0.1,0.05,0.20,22.7,0.4,1.7,0.1,0.0,0.0,18.4,2022,21,br BRA,Atl Goianiense,br Série A,30,1134,12.6,6,24,3,FWMF,a3818875
566,Marcos Vinicios Sorriso,0.1,0.03,0.09,36.7,0.9,2.4,0.1,0.0,0.0,18.4,2021,19,br BRA,Juventude,br Série A,36,2284,25.4,23,13,0,FWMF,e816a8ee
567,Yuri,0.1,0.03,0.17,18.8,0.5,2.5,0.1,0.0,0.0,23.4,2020,19,br BRA,Fortaleza,br Série A,28,1154,12.8,8,20,0,FWMF,496591bb
568,Eric Ramires,0.1,0.09,0.25,36.4,0.3,0.9,0.1,0.0,0.0,22.5,2022,21,br BRA,Red Bull Bragantino,br Série A,25,1157,12.9,11,14,2,MFFW,37faa4cb
569,Bruno Tubarão,0.1,0.03,0.14,21.2,0.5,2.6,0.1,0.0,0.0,18.6,2020,24,br BRA,Red Bull Bragantino,br Série A,28,1161,12.9,13,15,2,FWMF,5411ef4f
570,Igor Vinícius de Souza,0.1,0.09,0.50,18.2,0.2,0.9,0.1,0.0,0.0,19.5,2022,24,br BRA,São Paulo,br Série A,23,1162,12.9,11,12,8,DFFW,ec95088d
571,Gustavo Scarpa,0.1,0.02,0.07,33.3,1.2,3.5,0.1,0.0,0.0,26.6,2020,26,br BRA,Palmeiras,br Série A,26,1168,13.0,10,16,9,MFFW,2964fd20
572,Héctor Bustamante,0.1,0.04,0.25,15.4,0.3,2.0,0.1,0.0,0.0,21.2,2019,23,py PAR,CSA,br Série A,19,1168,13.0,14,5,1,FWMF,453ddcac
573,Reinaldo,0.1,0.00,0.00,40.9,0.3,0.8,0.0,0.1,0.1,23.7,2021,31,br BRA,São Paulo,br Série A,30,2339,26.0,28,2,5,DFFW,ab3edc87
574,Kieza,0.1,0.04,0.09,45.8,0.8,1.8,0.1,0.0,0.0,14.0,2019,32,br BRA,Fortaleza,br Série A,24,1172,13.0,10,14,12,FW,7c950b48
575,Ewerton,0.1,0.05,0.17,31.6,0.5,1.4,0.1,0.0,0.0,22.9,2024,23,br BRA,Juventude,br Série A,24,1189,13.2,12,12,4,DFFW,c41aca39
576,Rômulo,0.1,0.05,0.14,31.8,0.5,1.7,0.1,0.0,0.0,16.7,2022,19,br BRA,Ath Paranaense,br Série A,26,1194,13.3,10,16,7,FW,03dd053e
577,Rubens,0.1,0.05,0.33,15.8,0.2,1.4,0.1,0.0,0.0,17.6,2024,22,br BRA,Atlético Mineiro,br Série A,19,1194,13.3,15,4,1,DFFW,ae23d044
578,Chico,0.1,0.00,0.00,36.8,0.5,1.4,0.0,0.1,0.1,24.5,2021,29,br BRA,Juventude,br Série A,32,1204,13.4,10,22,6,MFFW,bad7d8a9
579,Natanael,0.1,0.06,0.33,16.7,0.2,1.3,0.1,0.0,0.0,24.9,2022,31,br BRA,Avaí,br Série A,16,1207,13.4,14,2,5,DFFW,ed560575
580,Everton Ribeiro,0.1,0.04,0.15,24.1,0.5,2.0,0.1,0.0,0.0,22.6,2019,29,br BRA,Flamengo,br Série A,32,2454,27.3,27,5,0,MFFW,68fb50a2
581,Everaldo,0.1,0.05,0.25,20.0,0.3,1.5,0.1,0.0,0.0,20.4,2023,28,br BRA,América (MG),br Série A,21,1233,13.7,15,6,9,FWMF,bdb57777
582,Allano,0.1,0.03,0.08,40.0,0.9,2.2,0.1,0.0,0.0,18.9,2023,27,br BRA,Goiás,br Série A,19,1237,13.7,15,4,0,FW,9c1245f8
583,Clayson,0.1,0.04,0.12,32.7,0.6,1.9,0.1,0.0,0.0,21.8,2021,25,br BRA,Cuiabá,br Série A,31,2500,27.8,30,1,0,MFFW,85c1009d
584,Thiago Almada,0.1,0.03,0.10,25.6,0.7,2.8,0.1,0.0,0.1,22.7,2024,22,ar ARG,Botafogo (RJ),br Série A,17,1252,13.9,16,1,0,FWMF,27f33438
585,Adailson Dadá,0.1,0.04,0.18,22.9,0.4,1.7,0.1,0.0,0.0,23.1,2022,24,br BRA,Goiás,br Série A,33,2508,27.9,30,3,0,MFFW,2a75cc09
586,Jean Mota,0.1,0.00,0.00,33.3,0.7,2.1,0.0,0.1,0.1,24.3,2019,25,br BRA,Santos,br Série A,27,1272,14.1,13,14,10,MFFW,1ee0513b
587,Victor Hugo,0.1,0.07,0.33,20.0,0.2,1.1,0.1,0.0,0.0,17.5,2023,18,br BRA,Flamengo,br Série A,30,1274,14.2,12,18,8,MFFW,33fca7f7
588,Juan Santos,0.1,0.06,0.13,44.4,0.6,1.3,0.1,0.0,0.0,13.2,2023,20,br BRA,São Paulo,br Série A,27,1279,14.2,13,14,11,FW,ad89aa96
589,Allano,0.1,0.03,0.11,27.3,0.6,2.3,0.1,0.0,0.0,17.1,2024,28,br BRA,Criciúma,br Série A,24,1296,14.4,13,11,3,FWMF,9c1245f8
590,Gabriel Carvalho,0.1,0.03,0.11,30.0,0.6,2.1,0.1,0.0,0.0,17.7,2024,16,br BRA,Internacional,br Série A,24,1301,14.5,15,9,12,FWMF,0f335ab2
591,Edenílson,0.1,0.06,0.11,56.3,0.6,1.1,0.1,0.0,0.0,18.4,2024,34,br BRA,Grêmio,br Série A,30,1333,14.8,17,13,3,MFFW,4e50f20e
592,Wellington Silva,0.1,0.05,0.17,30.0,0.4,1.3,0.1,0.0,0.0,18.3,2023,30,br BRA,Cuiabá,br Série A,29,1336,14.8,13,16,5,FW,5c60f49c
593,Rodolfo,0.1,0.03,0.09,29.7,0.7,2.5,0.1,0.0,0.0,15.8,2021,28,br BRA,América (MG),br Série A,31,1337,14.9,12,19,3,FWMF,cf130a53
594,Edenílson,0.1,0.13,0.33,37.5,0.2,0.5,0.1,0.0,0.0,20.0,2023,33,br BRA,Atlético Mineiro,br Série A,28,1368,15.2,15,13,7,MFFW,4e50f20e
595,Igor Coronado,0.1,0.03,0.13,22.2,0.5,2.4,0.1,0.0,0.0,26.8,2024,31,br BRA,Corinthians,br Série A,30,1378,15.3,11,19,2,MFFW,8d9544ea
596,Carlinhos,0.1,0.03,0.14,21.2,0.5,2.2,0.1,0.0,0.0,27.1,2020,25,br BRA,Vasco da Gama,br Série A,28,1381,15.3,14,14,4,MFFW,e19ca5b9
597,Matheus de Vargas,0.1,0.04,0.17,23.1,0.4,1.7,0.1,0.0,0.0,24.1,2020,23,br BRA,Atl Goianiense,br Série A,29,1391,15.5,13,16,4,MFFW,e43a07d4
598,Jonathan Cafu,0.1,0.07,0.14,50.0,0.5,0.9,0.1,0.0,0.0,13.3,2024,32,br BRA,Cuiabá,br Série A,28,1392,15.5,14,14,8,FWMF,8d043f1d
599,Keno,0.1,0.02,0.09,26.2,0.7,2.7,0.1,0.0,0.0,19.8,2024,34,br BRA,Fluminense,br Série A,27,1397,15.5,15,12,3,FWMF,98558c11
600,Fernando Sobral,0.1,0.02,0.10,20.8,0.3,1.5,0.0,0.0,0.0,23.7,2020,25,br BRA,Ceará,br Série A,34,2803,31.1,32,2,0,MFFW,c012aacd
601,Felipe Silva,0.1,0.05,0.13,36.4,0.5,1.4,0.1,0.0,0.0,22.7,2019,28,br BRA,Ceará,br Série A,24,1415,15.7,17,7,8,MFFW,e22037ea
602,Mauricio,0.1,0.03,0.08,33.3,0.8,2.3,0.1,0.0,0.0,19.9,2021,19,br BRA,Internacional,br Série A,30,1420,15.8,15,15,2,MFFW,bf4cbc22
603,Rodrigo Nestor,0.1,0.03,0.08,34.3,0.7,2.2,0.1,0.0,0.0,19.4,2023,22,br BRA,São Paulo,br Série A,25,1451,16.1,17,8,1,MFFW,c04ebe99
604,Neílton,0.1,0.04,0.10,35.7,0.6,1.7,0.1,0.0,0.0,22.7,2020,25,br BRA,Coritiba,br Série A,24,1458,16.2,16,8,4,FWMF,689299a6
605,Christian,0.1,0.04,0.14,28.0,0.4,1.5,0.1,0.0,0.0,16.1,2024,23,br BRA,Ath Paranaense,br Série A,24,1507,16.7,17,7,4,MFFW,a856b456
606,Andrés D'Alessandro,0.1,0.03,0.10,33.3,0.6,1.8,0.1,0.0,0.1,25.2,2019,37,ar ARG,Internacional,br Série A,23,1515,16.8,15,8,2,MFFW,6a11048a
607,Ângelo,0.1,0.04,0.11,32.1,0.5,1.6,0.1,0.0,0.0,20.5,2022,17,br BRA,Santos,br Série A,27,1532,17.0,16,11,0,FWMF,737945d9
608,Lucas Mugni,0.1,0.06,0.33,17.6,0.2,1.0,0.1,0.0,0.0,16.8,2020,28,ar ARG,Sport Recife,br Série A,23,1535,17.1,17,6,4,MFFW,f87818d3
609,Yeferson Soteldo,0.1,0.03,0.09,36.7,0.6,1.7,0.1,0.0,0.0,20.9,2023,25,ve VEN,Santos,br Série A,22,1556,17.3,17,5,0,FWMF,bbb6c951
610,Nicolás López,0.1,0.02,0.06,31.0,1.0,3.3,0.1,0.0,0.0,20.7,2019,25,uy URU,Internacional,br Série A,25,1586,17.6,19,6,5,FWMF,8d2ee5e2
611,Julián Palacios,0.1,0.03,0.10,31.3,0.6,1.8,0.1,0.0,0.0,25.3,2023,23,ar ARG,Goiás,br Série A,27,1632,18.1,19,8,2,FWMF,37dfd961
612,Wescley,0.1,0.04,0.13,33.3,0.4,1.3,0.1,0.0,0.0,22.9,2021,29,br BRA,Juventude,br Série A,28,1640,18.2,18,10,2,FWMF,5a43c680
613,Capixaba,0.1,0.05,0.17,27.3,0.3,1.2,0.1,0.0,0.0,21.4,2022,25,br BRA,Juventude,br Série A,27,1652,18.4,20,7,3,FWMF,ea2634a1
614,Lucas Piton,0.1,0.13,0.50,25.0,0.1,0.4,0.1,0.0,0.0,19.5,2022,21,br BRA,Corinthians,br Série A,28,1770,19.7,20,8,7,DFFW,defce7f1
615,André Luis,0.1,0.03,0.13,22.2,0.4,1.8,0.1,0.0,0.0,18.3,2021,23,br BRA,Atl Goianiense,br Série A,30,1781,19.8,21,9,1,FWMF,821097f7
616,Ramiro Benetti,0.0,0.03,0.09,35.5,0.5,1.5,0.0,0.0,0.0,20.4,2020,26,br BRA,Corinthians,br Série A,31,1803,20.0,20,11,2,MFFW,96d14fe7
617,Bruno Nazário,0.0,0.03,0.11,24.3,0.4,1.8,0.0,0.0,0.0,20.7,2020,24,br BRA,Botafogo (RJ),br Série A,26,1809,20.1,22,4,1,FWMF,dc1d79a5
618,Michel Araujo,0.0,0.02,0.09,26.2,0.5,2.0,0.0,0.0,0.0,20.0,2020,23,uy URU,Fluminense,br Série A,29,1857,20.6,23,6,0,MFFW,1159e4ae
619,Robinho,0.0,0.03,0.14,21.9,0.3,1.5,0.0,0.0,0.0,21.0,2019,31,br BRA,Cruzeiro,br Série A,27,1872,20.8,22,5,4,MFFW,8f8809b9
620,Lucas Lima,0.0,0.04,0.25,17.4,0.2,1.1,0.0,0.0,0.0,21.8,2020,29,br BRA,Palmeiras,br Série A,32,1893,21.0,23,9,2,MFFW,49d03337
621,Henry Mosquera,0.0,0.02,0.08,29.5,0.6,2.0,0.0,0.0,0.0,17.1,2024,22,co COL,Red Bull Bragantino,br Série A,34,1934,21.5,18,16,1,FWMF,be206004
622,Osvaldo,0.0,0.03,0.09,35.5,0.5,1.4,0.0,0.0,0.0,20.9,2020,32,br BRA,Fortaleza,br Série A,36,1975,21.9,25,11,0,FWMF,deb6b945
623,Stiven Mendoza,0.0,0.02,0.07,28.8,0.7,2.3,0.0,0.0,0.0,19.5,2021,28,co COL,Ceará,br Série A,28,2001,22.2,24,4,0,FWMF,e68f2cb4
624,Fernando Camilo Farias,0.0,0.02,0.08,27.3,0.5,1.9,0.0,0.0,0.0,24.0,2019,32,br BRA,Chapecoense,br Série A,28,2045,22.7,25,3,1,MFFW,48c1930e
625,Lourenço,0.0,0.03,0.08,36.1,0.6,1.5,0.0,0.0,0.0,27.0,2019,21,br BRA,Avaí,br Série A,27,2110,23.4,25,2,6,DFFW,c9f9210f
626,Luiz Fernando,0.0,0.03,0.13,25.8,0.3,1.3,0.0,0.0,0.0,18.9,2019,22,br BRA,Botafogo (RJ),br Série A,32,2114,23.5,27,5,2,MFFW,824ed016
627,Chico,0.0,0.00,0.00,30.3,0.4,1.4,0.0,0.0,0.0,24.9,2022,30,br BRA,Juventude,br Série A,33,2177,24.2,26,7,3,MFFW,bad7d8a9
628,Chico,0.0,0.02,0.09,25.6,0.5,1.8,0.0,0.0,0.0,21.2,2020,28,br BRA,Atl Goianiense,br Série A,33,2195,24.4,27,6,2,MFFW,bad7d8a9
629,Lucas Lima,0.0,0.04,0.20,21.7,0.2,0.9,0.0,0.0,0.0,21.0,2023,32,br BRA,Santos,br Série A,35,2206,24.5,28,7,0,MFFW,49d03337
630,Lucas Braga,0.0,0.03,0.07,38.9,0.5,1.4,0.0,0.0,0.0,20.1,2021,24,br BRA,Santos,br Série A,32,2306,25.6,23,9,1,FWMF,8a0a73ad
631,Mayke,0.0,0.13,0.50,25.0,0.1,0.3,0.0,0.0,0.0,17.7,2023,30,br BRA,Palmeiras,br Série A,33,2498,27.8,28,5,0,DFFW,47431289
632,Dani Alves,0.0,0.02,0.09,26.8,0.4,1.4,0.0,0.0,0.0,25.8,2020,36,br BRA,São Paulo,br Série A,30,2688,29.9,30,0,0,MFFW,c9e99e49
633,Artur,0.0,0.01,0.04,31.9,0.7,2.3,0.0,0.0,0.0,20.3,2020,21,br BRA,Red Bull Bragantino,br Série A,33,2787,31.0,33,0,0,FWMF,105132cd
634,Rodrigo Pimpão,0.0,0.00,0.00,29.4,0.4,1.5,0.0,0.0,0.0,20.3,2019,31,br BRA,Botafogo (RJ),br Série A,19,1008,11.2,11,8,1,MFFW,16b6b009
635,Romarinho,0.0,0.00,0.00,45.5,0.4,0.9,0.0,0.0,0.0,21.0,2021,26,br BRA,Fortaleza,br Série A,31,1081,12.0,9,22,6,FWMF,1e7d2cc0
636,Carlos Eduardo,0.0,0.00,0.00,20.0,0.3,1.5,0.0,0.0,0.0,21.4,2022,25,br BRA,Red Bull Bragantino,br Série A,24,902,10.0,8,16,1,FWMF,27c23008
637,Daniel Villalva,0.0,0.00,0.00,29.4,0.4,1.4,0.0,0.0,0.0,21.4,2020,27,ar ARG,Goiás,br Série A,18,1098,12.2,16,2,2,FWMF,2fef8b92
638,Felipe Marques,0.0,0.00,0.00,29.4,0.5,1.6,0.0,0.0,0.0,20.0,2022,32,br BRA,Cuiabá,br Série A,24,954,10.6,10,14,6,FWMF,30139a1c
639,Ronald,0.0,0.00,0.00,15.8,0.2,1.3,0.0,0.0,0.0,16.9,2021,19,br BRA,Atl Goianiense,br Série A,25,1323,14.7,16,9,3,FWMF,3ec33276
640,Anderson,0.0,0.00,0.00,11.8,0.1,1.2,0.0,0.0,0.0,21.5,2023,24,br BRA,Goiás,br Série A,20,1291,14.3,18,2,1,FWMF,4242a0a1
641,Geuvânio,0.0,0.00,0.00,37.0,0.9,2.4,0.0,0.0,0.0,22.9,2019,26,br BRA,Atlético Mineiro,br Série A,25,1002,11.1,9,16,7,FWMF,458c949b
642,Emiliano Rodríguez,0.0,0.00,0.00,33.3,0.8,2.5,0.0,0.0,0.0,13.9,2024,20,uy URU,Atl Goianiense,br Série A,21,1096,12.2,14,7,2,FW,46a9b016
643,Lucas Lima,0.0,0.00,0.00,40.0,0.3,0.8,0.0,0.0,0.0,23.0,2022,31,br BRA,Fortaleza,br Série A,22,1168,13.0,13,9,12,MFFW,49d03337
644,Marquinhos,0.0,0.00,0.00,32.1,0.6,2.0,0.0,0.0,0.0,23.5,2024,20,br BRA,Fluminense,br Série A,20,1270,14.1,15,5,8,FWDF,59878425
645,Wellington Rato,0.0,0.00,0.00,11.1,0.2,1.8,0.0,0.0,0.1,23.9,2023,30,br BRA,São Paulo,br Série A,32,1763,19.6,21,11,3,FWMF,598917cf
646,Tomás Cuello,0.0,0.00,0.00,26.7,0.4,1.3,0.0,0.0,0.0,22.4,2023,22,ar ARG,Ath Paranaense,br Série A,32,2055,22.8,22,10,4,MFFW,5c8615dd
647,Tchê Tchê,0.0,0.00,0.00,31.3,0.3,0.9,0.0,0.0,0.0,24.5,2024,31,br BRA,Botafogo (RJ),br Série A,28,1570,17.4,16,12,6,MFFW,5f2caf8f
648,Pedro Henrique,0.0,0.00,0.00,11.1,0.1,0.6,0.0,0.0,0.0,26.1,2022,19,br BRA,Ath Paranaense,br Série A,21,1387,15.4,13,8,15,DFFW,64aadf6b
649,Didira,0.0,0.00,0.00,15.4,0.2,1.2,0.0,0.0,0.0,23.9,2019,30,br BRA,CSA,br Série A,14,997,11.1,13,1,8,FWMF,6b0c0ee1
650,Caio Paulista,0.0,0.00,0.00,15.9,0.3,2.0,0.0,0.0,0.0,22.3,2019,20,br BRA,Avaí,br Série A,26,2014,22.4,23,3,2,MFFW,701bb051
651,Everton Felipe,0.0,0.00,0.00,15.4,0.2,1.1,0.0,0.0,0.1,28.6,2021,23,br BRA,Sport Recife,br Série A,20,1113,12.4,11,9,3,MFFW,70396c75
652,Jamerson,0.0,0.00,0.00,35.3,0.3,0.8,0.0,0.0,0.0,27.7,2023,24,br BRA,Coritiba,br Série A,29,1893,21.0,22,7,6,DFFW,7910d817
653,Fernandinho,0.0,0.00,0.00,41.2,0.6,1.5,0.0,0.0,0.0,18.5,2021,23,br BRA,Chapecoense,br Série A,15,1040,11.6,11,4,1,FWMF,877b54d5
654,Lucas Braga,0.0,0.00,0.00,9.1,0.0,0.5,0.0,0.0,0.0,15.9,2023,26,br BRA,Santos,br Série A,27,1991,22.1,22,5,1,DFFW,8a0a73ad
655,Jonathan Cafu,0.0,0.00,0.00,29.4,0.3,0.9,0.0,0.0,0.0,16.1,2023,31,br BRA,Cuiabá,br Série A,32,1708,19.0,23,9,2,FWMF,8d043f1d
656,Juninho Capixaba,0.0,0.00,0.00,30.4,0.3,1.1,0.0,0.0,0.0,19.9,2021,23,br BRA,Bahia,br Série A,26,1887,21.0,21,5,9,DFFW,91ba7336
657,David,0.0,0.00,0.00,27.5,0.6,2.3,0.0,0.0,0.0,21.2,2019,23,br BRA,Cruzeiro,br Série A,33,2021,22.5,23,10,4,FWMF,92f9ace5
658,Alisson,0.0,0.00,0.00,16.0,0.2,1.0,0.0,0.0,0.0,21.6,2023,29,br BRA,São Paulo,br Série A,35,2153,23.9,26,9,2,MFFW,99139fa4
659,Rhuan,0.0,0.00,0.00,20.0,0.4,1.8,0.0,0.0,0.0,20.2,2020,20,br BRA,Botafogo (RJ),br Série A,23,975,10.8,11,12,4,FWMF,9d620368
660,Bruno Zapelli,0.0,0.00,0.00,37.0,0.6,1.7,0.0,0.0,0.0,16.9,2024,21,ar ARG,Ath Paranaense,br Série A,32,1412,15.7,16,16,4,MFFW,a70af595
661,Douglas Baggio,0.0,0.00,0.00,33.3,0.6,1.8,0.0,0.0,0.0,20.7,2020,24,br BRA,Goiás,br Série A,25,1046,11.6,11,14,1,FWMF,a74adf6e
662,Welington,0.0,0.00,0.00,16.7,0.1,0.5,0.0,0.0,0.0,19.3,2021,19,br BRA,São Paulo,br Série A,16,1041,11.6,11,5,15,DFFW,a7f95b1f
663,Welington,0.0,0.00,0.00,40.0,0.3,0.8,0.0,0.0,0.0,22.0,2022,20,br BRA,São Paulo,br Série A,32,1671,18.6,17,15,5,DFFW,a7f95b1f
664,Guilherme Tinga,0.0,0.00,0.00,21.4,0.1,0.7,0.0,0.0,0.0,17.8,2020,26,br BRA,Fortaleza,br Série A,28,1840,20.4,20,8,4,DFFW,a8331ab0
665,Jean Pyerre,0.0,0.00,0.00,29.2,0.6,2.2,0.0,0.0,0.0,25.9,2021,22,br BRA,Grêmio,br Série A,24,981,10.9,9,15,8,MFFW,b41dc073
666,Vinícius,0.0,0.00,0.00,24.2,0.6,2.5,0.0,0.0,0.0,19.1,2023,29,br BRA,Goiás,br Série A,23,1172,13.0,13,10,4,FW,b6bd2b80
667,Everaldo,0.0,0.00,0.00,26.7,0.4,1.3,0.0,0.0,0.0,23.8,2021,26,br BRA,Sport Recife,br Série A,17,1015,11.3,14,3,1,FWMF,bdb57777
668,Rodrigo Nestor,0.0,0.00,0.00,47.1,0.7,1.6,0.0,0.0,0.0,25.7,2024,23,br BRA,São Paulo,br Série A,25,984,10.9,10,15,9,MFFW,c04ebe99
669,Ronald,0.0,0.00,0.00,21.4,0.2,0.9,0.0,0.0,0.0,19.4,2020,22,br BRA,Fortaleza,br Série A,28,1385,15.4,15,13,8,MFFW,cc119c66
670,Ronald,0.0,0.00,0.00,11.1,0.1,0.8,0.0,0.0,0.0,23.0,2022,24,br BRA,Fortaleza,br Série A,20,1049,11.7,13,7,16,MFFW,cc119c66
671,Marcos Guilherme,0.0,0.00,0.00,36.4,0.3,0.8,0.0,0.0,0.0,20.1,2020,24,br BRA,Internacional,br Série A,27,1263,14.0,16,11,7,MFFW,d5ff6084
672,Lucas Piton,0.0,0.00,0.00,10.0,0.1,0.7,0.0,0.0,0.0,21.8,2020,19,br BRA,Corinthians,br Série A,20,1328,14.8,15,5,11,DFFW,defce7f1
673,Bruno Costa,0.0,0.00,0.00,37.9,0.9,2.4,0.0,0.0,0.0,18.0,2021,20,br BRA,Chapecoense,br Série A,22,1093,12.1,12,10,0,FWMF,e74901c0
674,Matheus Bueno,0.0,0.00,0.00,27.3,0.2,0.8,0.0,0.0,0.0,26.3,2020,21,br BRA,Coritiba,br Série A,27,1316,14.6,16,11,8,MFFW,e90ec8d0
675,Capixaba,0.0,0.00,0.00,13.6,0.2,1.3,0.0,0.0,0.0,21.4,2021,24,br BRA,Juventude,br Série A,34,1531,17.0,17,17,3,FWMF,ea2634a1
676,Igor Vinícius de Souza,0.0,0.00,0.00,40.0,0.2,0.5,0.0,0.0,0.0,20.6,2021,23,br BRA,São Paulo,br Série A,22,1676,18.6,18,4,7,DFFW,ec95088d
677,Natanael,0.0,0.00,0.00,29.2,0.4,1.4,0.0,0.0,0.0,23.2,2021,30,br BRA,Atl Goianiense,br Série A,19,1540,17.1,17,2,0,DFFW,ed560575
678,Lucas Mugni,0.0,0.00,0.00,28.6,0.2,0.8,0.0,0.0,0.0,23.2,2021,29,ar ARG,Bahia,br Série A,20,1603,17.8,19,1,0,MFFW,f87818d3
679,Marquinhos Gabriel,0.0,0.00,0.00,17.9,0.3,1.4,0.0,0.0,0.0,20.3,2019,28,br BRA,Cruzeiro,br Série A,28,1799,20.0,20,8,4,FWMF,fcd113c4